Country,Code,ContinentCode,Year,Corruption Perceptions Index 100 = no corruption
Afghanistan,AFG,AS,2012,8
Afghanistan,AFG,AS,2013,8
Afghanistan,AFG,AS,2014,12
Afghanistan,AFG,AS,2015,11
Afghanistan,AFG,AS,2016,15
Afghanistan,AFG,AS,2017,15
Afghanistan,AFG,AS,2018,16
Afghanistan,AFG,AS,2019,16
Afghanistan,AFG,AS,2020,19
Afghanistan,AFG,AS,2021,16
Afghanistan,AFG,AS,2022,24
Albania,ALB,EU,2002,25
Albania,ALB,EU,2003,25
Albania,ALB,EU,2004,25
Albania,ALB,EU,2005,24
Albania,ALB,EU,2006,26
Albania,ALB,EU,2007,29
Albania,ALB,EU,2008,34
Albania,ALB,EU,2009,32
Albania,ALB,EU,2010,33
Albania,ALB,EU,2011,31
Albania,ALB,EU,2012,33
Albania,ALB,EU,2013,31
Albania,ALB,EU,2014,33
Albania,ALB,EU,2015,36
Albania,ALB,EU,2016,39
Albania,ALB,EU,2017,38
Albania,ALB,EU,2018,36
Albania,ALB,EU,2019,35
Albania,ALB,EU,2020,36
Albania,ALB,EU,2021,35
Albania,ALB,EU,2022,36
Algeria,DZA,AF,2003,26
Algeria,DZA,AF,2004,27
Algeria,DZA,AF,2005,28
Algeria,DZA,AF,2006,31
Algeria,DZA,AF,2007,30
Algeria,DZA,AF,2008,32
Algeria,DZA,AF,2009,28
Algeria,DZA,AF,2010,29
Algeria,DZA,AF,2011,29
Algeria,DZA,AF,2012,34
Algeria,DZA,AF,2013,36
Algeria,DZA,AF,2014,36
Algeria,DZA,AF,2015,36
Algeria,DZA,AF,2016,34
Algeria,DZA,AF,2017,33
Algeria,DZA,AF,2018,35
Algeria,DZA,AF,2019,35
Algeria,DZA,AF,2020,36
Algeria,DZA,AF,2021,33
Algeria,DZA,AF,2022,33
Angola,AGO,AF,2002,17
Angola,AGO,AF,2003,18
Angola,AGO,AF,2004,20
Angola,AGO,AF,2005,20
Angola,AGO,AF,2006,22
Angola,AGO,AF,2007,22
Angola,AGO,AF,2008,19
Angola,AGO,AF,2009,19
Angola,AGO,AF,2010,19
Angola,AGO,AF,2011,20
Angola,AGO,AF,2012,22
Angola,AGO,AF,2013,23
Angola,AGO,AF,2014,19
Angola,AGO,AF,2015,15
Angola,AGO,AF,2016,18
Angola,AGO,AF,2017,19
Angola,AGO,AF,2018,19
Angola,AGO,AF,2019,26
Angola,AGO,AF,2020,27
Angola,AGO,AF,2021,29
Angola,AGO,AF,2022,33
Argentina,ARG,SA,2001,35
Argentina,ARG,SA,2002,28
Argentina,ARG,SA,2003,25
Argentina,ARG,SA,2004,25
Argentina,ARG,SA,2005,28
Argentina,ARG,SA,2006,29
Argentina,ARG,SA,2007,29
Argentina,ARG,SA,2008,29
Argentina,ARG,SA,2009,29
Argentina,ARG,SA,2010,29
Argentina,ARG,SA,2011,30
Argentina,ARG,SA,2012,35
Argentina,ARG,SA,2013,34
Argentina,ARG,SA,2014,34
Argentina,ARG,SA,2015,32
Argentina,ARG,SA,2016,36
Argentina,ARG,SA,2017,39
Argentina,ARG,SA,2018,40
Argentina,ARG,SA,2019,45
Argentina,ARG,SA,2020,42
Argentina,ARG,SA,2021,38
Argentina,ARG,SA,2022,38
Armenia,ARM,AS,2003,30
Armenia,ARM,AS,2004,31
Armenia,ARM,AS,2005,29
Armenia,ARM,AS,2006,29
Armenia,ARM,AS,2007,30
Armenia,ARM,AS,2008,29
Armenia,ARM,AS,2009,27
Armenia,ARM,AS,2010,26
Armenia,ARM,AS,2011,26
Armenia,ARM,AS,2012,34
Armenia,ARM,AS,2013,36
Armenia,ARM,AS,2014,37
Armenia,ARM,AS,2015,35
Armenia,ARM,AS,2016,33
Armenia,ARM,AS,2017,35
Armenia,ARM,AS,2018,35
Armenia,ARM,AS,2019,42
Armenia,ARM,AS,2020,49
Armenia,ARM,AS,2021,49
Armenia,ARM,AS,2022,46
Australia,AUS,OC,2001,85
Australia,AUS,OC,2002,86
Australia,AUS,OC,2003,88
Australia,AUS,OC,2004,88
Australia,AUS,OC,2005,88
Australia,AUS,OC,2006,87
Australia,AUS,OC,2007,86
Australia,AUS,OC,2008,87
Australia,AUS,OC,2009,87
Australia,AUS,OC,2010,87
Australia,AUS,OC,2011,88
Australia,AUS,OC,2012,85
Australia,AUS,OC,2013,81
Australia,AUS,OC,2014,80
Australia,AUS,OC,2015,79
Australia,AUS,OC,2016,79
Australia,AUS,OC,2017,77
Australia,AUS,OC,2018,77
Australia,AUS,OC,2019,77
Australia,AUS,OC,2020,77
Australia,AUS,OC,2021,73
Australia,AUS,OC,2022,75
Austria,AUT,EU,2001,78
Austria,AUT,EU,2002,78
Austria,AUT,EU,2003,80
Austria,AUT,EU,2004,84
Austria,AUT,EU,2005,87
Austria,AUT,EU,2006,86
Austria,AUT,EU,2007,81
Austria,AUT,EU,2008,81
Austria,AUT,EU,2009,79
Austria,AUT,EU,2010,79
Austria,AUT,EU,2011,78
Austria,AUT,EU,2012,69
Austria,AUT,EU,2013,69
Austria,AUT,EU,2014,72
Austria,AUT,EU,2015,76
Austria,AUT,EU,2016,75
Austria,AUT,EU,2017,75
Austria,AUT,EU,2018,76
Austria,AUT,EU,2019,77
Austria,AUT,EU,2020,76
Austria,AUT,EU,2021,74
Austria,AUT,EU,2022,71
Azerbaijan,AZE,AS,2001,20
Azerbaijan,AZE,AS,2002,20
Azerbaijan,AZE,AS,2003,18
Azerbaijan,AZE,AS,2004,19
Azerbaijan,AZE,AS,2005,22
Azerbaijan,AZE,AS,2006,24
Azerbaijan,AZE,AS,2007,21
Azerbaijan,AZE,AS,2008,19
Azerbaijan,AZE,AS,2009,23
Azerbaijan,AZE,AS,2010,24
Azerbaijan,AZE,AS,2011,24
Azerbaijan,AZE,AS,2012,27
Azerbaijan,AZE,AS,2013,28
Azerbaijan,AZE,AS,2014,29
Azerbaijan,AZE,AS,2015,29
Azerbaijan,AZE,AS,2016,30
Azerbaijan,AZE,AS,2017,31
Azerbaijan,AZE,AS,2018,25
Azerbaijan,AZE,AS,2019,30
Azerbaijan,AZE,AS,2020,30
Azerbaijan,AZE,AS,2021,30
Azerbaijan,AZE,AS,2022,23
Bahamas,BHS,NA,2012,71
Bahamas,BHS,NA,2013,71
Bahamas,BHS,NA,2014,71
Bahamas,BHS,NA,2016,66
Bahamas,BHS,NA,2017,65
Bahamas,BHS,NA,2018,65
Bahamas,BHS,NA,2019,64
Bahamas,BHS,NA,2020,63
Bahamas,BHS,NA,2021,64
Bahamas,BHS,NA,2022,64
Bahrain,BHR,AS,2003,61
Bahrain,BHR,AS,2004,58
Bahrain,BHR,AS,2005,58
Bahrain,BHR,AS,2006,57
Bahrain,BHR,AS,2007,50
Bahrain,BHR,AS,2008,54
Bahrain,BHR,AS,2009,51
Bahrain,BHR,AS,2010,49
Bahrain,BHR,AS,2011,51
Bahrain,BHR,AS,2012,51
Bahrain,BHR,AS,2013,48
Bahrain,BHR,AS,2014,49
Bahrain,BHR,AS,2015,51
Bahrain,BHR,AS,2016,43
Bahrain,BHR,AS,2017,36
Bahrain,BHR,AS,2018,36
Bahrain,BHR,AS,2019,42
Bahrain,BHR,AS,2020,42
Bahrain,BHR,AS,2021,42
Bahrain,BHR,AS,2022,44
Bangladesh,BGD,AS,2001,4
Bangladesh,BGD,AS,2002,12
Bangladesh,BGD,AS,2003,13
Bangladesh,BGD,AS,2004,15
Bangladesh,BGD,AS,2005,17
Bangladesh,BGD,AS,2006,20
Bangladesh,BGD,AS,2007,20
Bangladesh,BGD,AS,2008,21
Bangladesh,BGD,AS,2009,24
Bangladesh,BGD,AS,2010,24
Bangladesh,BGD,AS,2011,27
Bangladesh,BGD,AS,2012,26
Bangladesh,BGD,AS,2013,27
Bangladesh,BGD,AS,2014,25
Bangladesh,BGD,AS,2015,25
Bangladesh,BGD,AS,2016,26
Bangladesh,BGD,AS,2017,28
Bangladesh,BGD,AS,2018,26
Bangladesh,BGD,AS,2019,26
Bangladesh,BGD,AS,2020,26
Bangladesh,BGD,AS,2021,26
Bangladesh,BGD,AS,2022,25
Barbados,BRB,NA,2005,69
Barbados,BRB,NA,2006,67
Barbados,BRB,NA,2007,69
Barbados,BRB,NA,2008,70
Barbados,BRB,NA,2009,74
Barbados,BRB,NA,2010,78
Barbados,BRB,NA,2011,78
Barbados,BRB,NA,2012,76
Barbados,BRB,NA,2013,75
Barbados,BRB,NA,2014,74
Barbados,BRB,NA,2016,61
Barbados,BRB,NA,2017,68
Barbados,BRB,NA,2018,68
Barbados,BRB,NA,2019,62
Barbados,BRB,NA,2020,64
Barbados,BRB,NA,2021,65
Barbados,BRB,NA,2022,65
Belarus,BLR,EU,2005,26
Belarus,BLR,EU,2006,21
Belarus,BLR,EU,2007,21
Belarus,BLR,EU,2008,20
Belarus,BLR,EU,2009,24
Belarus,BLR,EU,2010,25
Belarus,BLR,EU,2011,24
Belarus,BLR,EU,2012,31
Belarus,BLR,EU,2013,29
Belarus,BLR,EU,2014,31
Belarus,BLR,EU,2015,32
Belarus,BLR,EU,2016,40
Belarus,BLR,EU,2017,44
Belarus,BLR,EU,2018,44
Belarus,BLR,EU,2019,45
Belarus,BLR,EU,2020,47
Belarus,BLR,EU,2021,41
Belarus,BLR,EU,2022,39
Belgium,BEL,EU,2001,66
Belgium,BEL,EU,2002,71
Belgium,BEL,EU,2003,76
Belgium,BEL,EU,2004,75
Belgium,BEL,EU,2005,74
Belgium,BEL,EU,2006,73
Belgium,BEL,EU,2007,71
Belgium,BEL,EU,2008,73
Belgium,BEL,EU,2009,71
Belgium,BEL,EU,2010,71
Belgium,BEL,EU,2011,75
Belgium,BEL,EU,2012,75
Belgium,BEL,EU,2013,75
Belgium,BEL,EU,2014,76
Belgium,BEL,EU,2015,77
Belgium,BEL,EU,2016,77
Belgium,BEL,EU,2017,75
Belgium,BEL,EU,2018,75
Belgium,BEL,EU,2019,75
Belgium,BEL,EU,2020,76
Belgium,BEL,EU,2021,73
Belgium,BEL,EU,2022,73
Belize,BLZ,NA,2003,45
Belize,BLZ,NA,2004,38
Belize,BLZ,NA,2005,37
Belize,BLZ,NA,2006,35
Belize,BLZ,NA,2007,30
Belize,BLZ,NA,2008,29
Belize,BLZ,NA,2022,43
Benin,BEN,AF,2004,32
Benin,BEN,AF,2005,29
Benin,BEN,AF,2006,25
Benin,BEN,AF,2007,27
Benin,BEN,AF,2008,31
Benin,BEN,AF,2009,29
Benin,BEN,AF,2010,28
Benin,BEN,AF,2011,30
Benin,BEN,AF,2012,36
Benin,BEN,AF,2013,36
Benin,BEN,AF,2014,39
Benin,BEN,AF,2015,37
Benin,BEN,AF,2016,36
Benin,BEN,AF,2017,39
Benin,BEN,AF,2018,40
Benin,BEN,AF,2019,41
Benin,BEN,AF,2020,41
Benin,BEN,AF,2021,42
Benin,BEN,AF,2022,68
Bhutan,BTN,AS,2005,50
Bhutan,BTN,AS,2006,52
Bhutan,BTN,AS,2007,50
Bhutan,BTN,AS,2008,57
Bhutan,BTN,AS,2009,57
Bhutan,BTN,AS,2012,63
Bhutan,BTN,AS,2013,63
Bhutan,BTN,AS,2014,65
Bhutan,BTN,AS,2015,65
Bhutan,BTN,AS,2016,65
Bhutan,BTN,AS,2017,67
Bhutan,BTN,AS,2018,68
Bhutan,BTN,AS,2019,68
Bhutan,BTN,AS,2020,68
Bhutan,BTN,AS,2021,68
Bolivia,BOL,SA,2001,20
Bolivia,BOL,SA,2002,22
Bolivia,BOL,SA,2003,23
Bolivia,BOL,SA,2004,22
Bolivia,BOL,SA,2005,25
Bolivia,BOL,SA,2006,27
Bolivia,BOL,SA,2007,29
Bolivia,BOL,SA,2008,30
Bolivia,BOL,SA,2009,27
Bolivia,BOL,SA,2010,28
Bolivia,BOL,SA,2011,28
Bolivia,BOL,SA,2012,34
Bolivia,BOL,SA,2013,34
Bolivia,BOL,SA,2014,35
Bolivia,BOL,SA,2015,34
Bolivia,BOL,SA,2016,33
Bolivia,BOL,SA,2017,33
Bolivia,BOL,SA,2018,29
Bolivia,BOL,SA,2019,31
Bolivia,BOL,SA,2020,31
Bolivia,BOL,SA,2021,30
Bolivia,BOL,SA,2022,31
Bosnia and Herzegovina,BIH,EU,2003,33
Bosnia and Herzegovina,BIH,EU,2004,31
Bosnia and Herzegovina,BIH,EU,2005,29
Bosnia and Herzegovina,BIH,EU,2006,29
Bosnia and Herzegovina,BIH,EU,2007,33
Bosnia and Herzegovina,BIH,EU,2008,32
Bosnia and Herzegovina,BIH,EU,2009,30
Bosnia and Herzegovina,BIH,EU,2010,32
Bosnia and Herzegovina,BIH,EU,2011,32
Bosnia and Herzegovina,BIH,EU,2012,42
Bosnia and Herzegovina,BIH,EU,2013,42
Bosnia and Herzegovina,BIH,EU,2014,39
Bosnia and Herzegovina,BIH,EU,2015,38
Bosnia and Herzegovina,BIH,EU,2016,39
Bosnia and Herzegovina,BIH,EU,2017,38
Bosnia and Herzegovina,BIH,EU,2018,38
Bosnia and Herzegovina,BIH,EU,2019,36
Bosnia and Herzegovina,BIH,EU,2020,35
Bosnia and Herzegovina,BIH,EU,2021,35
Bosnia and Herzegovina,BIH,EU,2022,34
Botswana,BWA,AF,2002,64
Botswana,BWA,AF,2003,57
Botswana,BWA,AF,2004,60
Botswana,BWA,AF,2005,59
Botswana,BWA,AF,2006,56
Botswana,BWA,AF,2007,54
Botswana,BWA,AF,2008,58
Botswana,BWA,AF,2009,56
Botswana,BWA,AF,2010,58
Botswana,BWA,AF,2011,51
Botswana,BWA,AF,2012,65
Botswana,BWA,AF,2013,64
Botswana,BWA,AF,2014,63
Botswana,BWA,AF,2015,63
Botswana,BWA,AF,2016,60
Botswana,BWA,AF,2017,61
Botswana,BWA,AF,2018,61
Botswana,BWA,AF,2019,61
Botswana,BWA,AF,2020,60
Botswana,BWA,AF,2021,55
Botswana,BWA,AF,2022,60
Brazil,BRA,SA,2001,40
Brazil,BRA,SA,2002,40
Brazil,BRA,SA,2003,39
Brazil,BRA,SA,2004,39
Brazil,BRA,SA,2005,37
Brazil,BRA,SA,2006,33
Brazil,BRA,SA,2007,35
Brazil,BRA,SA,2008,35
Brazil,BRA,SA,2009,37
Brazil,BRA,SA,2010,37
Brazil,BRA,SA,2011,38
Brazil,BRA,SA,2012,43
Brazil,BRA,SA,2013,42
Brazil,BRA,SA,2014,43
Brazil,BRA,SA,2015,38
Brazil,BRA,SA,2016,40
Brazil,BRA,SA,2017,37
Brazil,BRA,SA,2018,35
Brazil,BRA,SA,2019,35
Brazil,BRA,SA,2020,38
Brazil,BRA,SA,2021,38
Brazil,BRA,SA,2022,38
Brunei,BRN,AS,2012,55
Brunei,BRN,AS,2013,60
Brunei,BRN,AS,2016,58
Brunei,BRN,AS,2017,62
Brunei,BRN,AS,2018,63
Brunei,BRN,AS,2019,60
Brunei,BRN,AS,2020,60
Bulgaria,BGR,EU,2001,39
Bulgaria,BGR,EU,2002,40
Bulgaria,BGR,EU,2003,39
Bulgaria,BGR,EU,2004,41
Bulgaria,BGR,EU,2005,40
Bulgaria,BGR,EU,2006,40
Bulgaria,BGR,EU,2007,41
Bulgaria,BGR,EU,2008,36
Bulgaria,BGR,EU,2009,38
Bulgaria,BGR,EU,2010,36
Bulgaria,BGR,EU,2011,33
Bulgaria,BGR,EU,2012,41
Bulgaria,BGR,EU,2013,41
Bulgaria,BGR,EU,2014,43
Bulgaria,BGR,EU,2015,41
Bulgaria,BGR,EU,2016,41
Bulgaria,BGR,EU,2017,43
Bulgaria,BGR,EU,2018,42
Bulgaria,BGR,EU,2019,43
Bulgaria,BGR,EU,2020,44
Bulgaria,BGR,EU,2021,42
Bulgaria,BGR,EU,2022,43
Burkina Faso,BFA,AF,2005,34
Burkina Faso,BFA,AF,2006,32
Burkina Faso,BFA,AF,2007,29
Burkina Faso,BFA,AF,2008,35
Burkina Faso,BFA,AF,2009,36
Burkina Faso,BFA,AF,2010,31
Burkina Faso,BFA,AF,2011,30
Burkina Faso,BFA,AF,2012,38
Burkina Faso,BFA,AF,2013,38
Burkina Faso,BFA,AF,2014,38
Burkina Faso,BFA,AF,2015,38
Burkina Faso,BFA,AF,2016,42
Burkina Faso,BFA,AF,2017,42
Burkina Faso,BFA,AF,2018,41
Burkina Faso,BFA,AF,2019,40
Burkina Faso,BFA,AF,2020,40
Burkina Faso,BFA,AF,2021,42
Burkina Faso,BFA,AF,2022,42
Burma (Myanmar),MMR,AS,2004,17
Burma (Myanmar),MMR,AS,2005,18
Burma (Myanmar),MMR,AS,2006,19
Burma (Myanmar),MMR,AS,2007,14
Burma (Myanmar),MMR,AS,2008,13
Burma (Myanmar),MMR,AS,2009,14
Burma (Myanmar),MMR,AS,2010,14
Burma (Myanmar),MMR,AS,2011,15
Burma (Myanmar),MMR,AS,2012,15
Burma (Myanmar),MMR,AS,2013,21
Burma (Myanmar),MMR,AS,2014,21
Burma (Myanmar),MMR,AS,2015,22
Burma (Myanmar),MMR,AS,2016,28
Burma (Myanmar),MMR,AS,2017,30
Burma (Myanmar),MMR,AS,2018,29
Burma (Myanmar),MMR,AS,2019,29
Burma (Myanmar),MMR,AS,2020,28
Burma (Myanmar),MMR,AS,2021,28
Burma (Myanmar),MMR,AS,2022,23
Burundi,BDI,AF,2005,23
Burundi,BDI,AF,2006,24
Burundi,BDI,AF,2007,25
Burundi,BDI,AF,2008,19
Burundi,BDI,AF,2009,18
Burundi,BDI,AF,2010,18
Burundi,BDI,AF,2011,19
Burundi,BDI,AF,2012,19
Burundi,BDI,AF,2013,21
Burundi,BDI,AF,2014,20
Burundi,BDI,AF,2015,21
Burundi,BDI,AF,2016,20
Burundi,BDI,AF,2017,22
Burundi,BDI,AF,2018,17
Burundi,BDI,AF,2019,19
Burundi,BDI,AF,2020,19
Burundi,BDI,AF,2021,19
Burundi,BDI,AF,2022,17
Cambodia,KHM,AS,2005,23
Cambodia,KHM,AS,2006,21
Cambodia,KHM,AS,2007,20
Cambodia,KHM,AS,2008,18
Cambodia,KHM,AS,2009,20
Cambodia,KHM,AS,2010,21
Cambodia,KHM,AS,2011,21
Cambodia,KHM,AS,2012,22
Cambodia,KHM,AS,2013,20
Cambodia,KHM,AS,2014,21
Cambodia,KHM,AS,2015,21
Cambodia,KHM,AS,2016,21
Cambodia,KHM,AS,2017,21
Cambodia,KHM,AS,2018,20
Cambodia,KHM,AS,2019,20
Cambodia,KHM,AS,2020,21
Cambodia,KHM,AS,2021,23
Cambodia,KHM,AS,2022,24
Cameroon,CMR,AF,2001,20
Cameroon,CMR,AF,2002,22
Cameroon,CMR,AF,2003,18
Cameroon,CMR,AF,2004,21
Cameroon,CMR,AF,2005,22
Cameroon,CMR,AF,2006,23
Cameroon,CMR,AF,2007,24
Cameroon,CMR,AF,2008,23
Cameroon,CMR,AF,2009,22
Cameroon,CMR,AF,2010,22
Cameroon,CMR,AF,2012,26
Cameroon,CMR,AF,2013,25
Cameroon,CMR,AF,2014,27
Cameroon,CMR,AF,2015,27
Cameroon,CMR,AF,2016,26
Cameroon,CMR,AF,2017,25
Cameroon,CMR,AF,2018,25
Cameroon,CMR,AF,2019,25
Cameroon,CMR,AF,2020,25
Cameroon,CMR,AF,2021,27
Cameroon,CMR,AF,2022,26
Canada,CAN,NA,2001,89
Canada,CAN,NA,2002,90
Canada,CAN,NA,2003,87
Canada,CAN,NA,2004,85
Canada,CAN,NA,2005,84
Canada,CAN,NA,2006,86
Canada,CAN,NA,2007,87
Canada,CAN,NA,2008,87
Canada,CAN,NA,2009,87
Canada,CAN,NA,2010,89
Canada,CAN,NA,2011,87
Canada,CAN,NA,2012,84
Canada,CAN,NA,2013,81
Canada,CAN,NA,2014,81
Canada,CAN,NA,2015,83
Canada,CAN,NA,2016,82
Canada,CAN,NA,2017,82
Canada,CAN,NA,2018,81
Canada,CAN,NA,2019,77
Canada,CAN,NA,2020,77
Canada,CAN,NA,2021,74
Canada,CAN,NA,2022,74
Cape Verde,CPV,AF,2007,49
Cape Verde,CPV,AF,2008,51
Cape Verde,CPV,AF,2009,51
Cape Verde,CPV,AF,2010,51
Cape Verde,CPV,AF,2011,55
Cape Verde,CPV,AF,2012,60
Cape Verde,CPV,AF,2013,58
Cape Verde,CPV,AF,2014,57
Cape Verde,CPV,AF,2015,55
Cape Verde,CPV,AF,2016,59
Cape Verde,CPV,AF,2017,55
Cape Verde,CPV,AF,2018,57
Cape Verde,CPV,AF,2019,58
Cape Verde,CPV,AF,2020,58
Cape Verde,CPV,AF,2021,58
Cape Verde,CPV,AF,2022,60
Central African Republic,CAF,AF,2012,26
Central African Republic,CAF,AF,2013,25
Central African Republic,CAF,AF,2014,24
Central African Republic,CAF,AF,2015,24
Central African Republic,CAF,AF,2016,20
Central African Republic,CAF,AF,2017,23
Central African Republic,CAF,AF,2018,26
Central African Republic,CAF,AF,2019,25
Central African Republic,CAF,AF,2020,26
Central African Republic,CAF,AF,2021,24
Central African Republic,CAF,AF,2022,24
Chad,TCD,AF,2004,17
Chad,TCD,AF,2005,17
Chad,TCD,AF,2006,20
Chad,TCD,AF,2007,18
Chad,TCD,AF,2008,16
Chad,TCD,AF,2009,16
Chad,TCD,AF,2010,17
Chad,TCD,AF,2011,20
Chad,TCD,AF,2012,19
Chad,TCD,AF,2013,19
Chad,TCD,AF,2014,22
Chad,TCD,AF,2015,22
Chad,TCD,AF,2016,20
Chad,TCD,AF,2017,20
Chad,TCD,AF,2018,19
Chad,TCD,AF,2019,20
Chad,TCD,AF,2020,21
Chad,TCD,AF,2021,20
Chad,TCD,AF,2022,19
Chile,CHL,SA,2001,75
Chile,CHL,SA,2002,75
Chile,CHL,SA,2003,74
Chile,CHL,SA,2004,74
Chile,CHL,SA,2005,73
Chile,CHL,SA,2006,73
Chile,CHL,SA,2007,70
Chile,CHL,SA,2008,69
Chile,CHL,SA,2009,67
Chile,CHL,SA,2010,72
Chile,CHL,SA,2011,72
Chile,CHL,SA,2012,72
Chile,CHL,SA,2013,71
Chile,CHL,SA,2014,73
Chile,CHL,SA,2015,70
Chile,CHL,SA,2016,66
Chile,CHL,SA,2017,67
Chile,CHL,SA,2018,67
Chile,CHL,SA,2019,67
Chile,CHL,SA,2020,67
Chile,CHL,SA,2021,67
Chile,CHL,SA,2022,67
China,CHN,AS,2001,35
China,CHN,AS,2002,35
China,CHN,AS,2003,34
China,CHN,AS,2004,34
China,CHN,AS,2005,32
China,CHN,AS,2006,33
China,CHN,AS,2007,35
China,CHN,AS,2008,36
China,CHN,AS,2009,36
China,CHN,AS,2010,35
China,CHN,AS,2011,36
China,CHN,AS,2012,39
China,CHN,AS,2013,40
China,CHN,AS,2014,36
China,CHN,AS,2015,37
China,CHN,AS,2016,40
China,CHN,AS,2017,41
China,CHN,AS,2018,39
China,CHN,AS,2019,41
China,CHN,AS,2020,42
China,CHN,AS,2021,45
China,CHN,AS,2022,45
Colombia,COL,SA,2001,38
Colombia,COL,SA,2002,36
Colombia,COL,SA,2003,37
Colombia,COL,SA,2004,38
Colombia,COL,SA,2005,40
Colombia,COL,SA,2006,39
Colombia,COL,SA,2007,38
Colombia,COL,SA,2008,38
Colombia,COL,SA,2009,37
Colombia,COL,SA,2010,35
Colombia,COL,SA,2011,34
Colombia,COL,SA,2012,36
Colombia,COL,SA,2013,36
Colombia,COL,SA,2014,37
Colombia,COL,SA,2015,37
Colombia,COL,SA,2016,37
Colombia,COL,SA,2017,37
Colombia,COL,SA,2018,36
Colombia,COL,SA,2019,37
Colombia,COL,SA,2020,39
Colombia,COL,SA,2021,39
Colombia,COL,SA,2022,39
Comoros,COM,AF,2007,26
Comoros,COM,AF,2008,25
Comoros,COM,AF,2009,23
Comoros,COM,AF,2010,21
Comoros,COM,AF,2012,28
Comoros,COM,AF,2013,28
Comoros,COM,AF,2014,26
Comoros,COM,AF,2015,26
Comoros,COM,AF,2016,24
Comoros,COM,AF,2017,27
Comoros,COM,AF,2018,27
Comoros,COM,AF,2019,25
Comoros,COM,AF,2020,21
Comoros,COM,AF,2021,20
Comoros,COM,AF,2022,19
Costa Rica,CRC,NA,2001,45
Costa Rica,CRC,NA,2002,45
Costa Rica,CRC,NA,2003,43
Costa Rica,CRC,NA,2004,49
Costa Rica,CRC,NA,2005,42
Costa Rica,CRC,NA,2006,41
Costa Rica,CRC,NA,2007,50
Costa Rica,CRC,NA,2008,51
Costa Rica,CRC,NA,2009,53
Costa Rica,CRC,NA,2010,53
Costa Rica,CRC,NA,2011,48
Costa Rica,CRC,NA,2012,54
Costa Rica,CRC,NA,2013,53
Costa Rica,CRC,NA,2014,54
Costa Rica,CRC,NA,2015,55
Costa Rica,CRC,NA,2016,58
Costa Rica,CRC,NA,2017,59
Costa Rica,CRC,NA,2018,56
Costa Rica,CRC,NA,2019,56
Costa Rica,CRC,NA,2020,57
Costa Rica,CRC,NA,2021,58
Costa Rica,CRC,NA,2022,54
Croatia,HRV,EU,2001,39
Croatia,HRV,EU,2002,38
Croatia,HRV,EU,2003,37
Croatia,HRV,EU,2004,35
Croatia,HRV,EU,2005,34
Croatia,HRV,EU,2006,34
Croatia,HRV,EU,2007,41
Croatia,HRV,EU,2008,44
Croatia,HRV,EU,2009,41
Croatia,HRV,EU,2010,41
Croatia,HRV,EU,2011,40
Croatia,HRV,EU,2012,46
Croatia,HRV,EU,2013,48
Croatia,HRV,EU,2014,48
Croatia,HRV,EU,2015,51
Croatia,HRV,EU,2016,49
Croatia,HRV,EU,2017,49
Croatia,HRV,EU,2018,48
Croatia,HRV,EU,2019,47
Croatia,HRV,EU,2020,47
Croatia,HRV,EU,2021,47
Croatia,HRV,EU,2022,50
Cuba,CUB,NA,2003,46
Cuba,CUB,NA,2004,37
Cuba,CUB,NA,2005,38
Cuba,CUB,NA,2006,35
Cuba,CUB,NA,2007,42
Cuba,CUB,NA,2008,43
Cuba,CUB,NA,2009,44
Cuba,CUB,NA,2010,37
Cuba,CUB,NA,2011,42
Cuba,CUB,NA,2012,48
Cuba,CUB,NA,2013,46
Cuba,CUB,NA,2014,46
Cuba,CUB,NA,2015,47
Cuba,CUB,NA,2016,47
Cuba,CUB,NA,2017,47
Cuba,CUB,NA,2018,47
Cuba,CUB,NA,2019,48
Cuba,CUB,NA,2020,47
Cuba,CUB,NA,2021,46
Cuba,CUB,NA,2022,45
Cyprus,CYP,EU,2003,61
Cyprus,CYP,EU,2004,54
Cyprus,CYP,EU,2005,57
Cyprus,CYP,EU,2006,56
Cyprus,CYP,EU,2007,53
Cyprus,CYP,EU,2008,64
Cyprus,CYP,EU,2009,66
Cyprus,CYP,EU,2010,63
Cyprus,CYP,EU,2011,63
Cyprus,CYP,EU,2012,66
Cyprus,CYP,EU,2013,63
Cyprus,CYP,EU,2014,63
Cyprus,CYP,EU,2015,61
Cyprus,CYP,EU,2016,55
Cyprus,CYP,EU,2017,57
Cyprus,CYP,EU,2018,59
Cyprus,CYP,EU,2019,58
Cyprus,CYP,EU,2020,57
Cyprus,CYP,EU,2021,53
Cyprus,CYP,EU,2022,52
Czechia,CZE,EU,2001,39
Czechia,CZE,EU,2002,37
Czechia,CZE,EU,2003,39
Czechia,CZE,EU,2004,42
Czechia,CZE,EU,2005,43
Czechia,CZE,EU,2006,48
Czechia,CZE,EU,2007,52
Czechia,CZE,EU,2008,52
Czechia,CZE,EU,2009,49
Czechia,CZE,EU,2010,46
Czechia,CZE,EU,2011,44
Czechia,CZE,EU,2012,49
Czechia,CZE,EU,2013,48
Czechia,CZE,EU,2014,51
Czechia,CZE,EU,2015,56
Czechia,CZE,EU,2016,55
Czechia,CZE,EU,2017,57
Czechia,CZE,EU,2018,59
Czechia,CZE,EU,2019,56
Czechia,CZE,EU,2020,54
Czechia,CZE,EU,2021,54
Czechia,CZE,EU,2022,56
Democratic Republic of the Congo,COD,AF,2003,22
Democratic Republic of the Congo,COD,AF,2004,20
Democratic Republic of the Congo,COD,AF,2005,23
Democratic Republic of the Congo,COD,AF,2006,22
Democratic Republic of the Congo,COD,AF,2007,21
Democratic Republic of the Congo,COD,AF,2008,19
Democratic Republic of the Congo,COD,AF,2009,19
Democratic Republic of the Congo,COD,AF,2010,21
Democratic Republic of the Congo,COD,AF,2011,22
Democratic Republic of the Congo,COD,AF,2012,21
Democratic Republic of the Congo,COD,AF,2013,22
Democratic Republic of the Congo,COD,AF,2014,22
Democratic Republic of the Congo,COD,AF,2015,22
Democratic Republic of the Congo,COD,AF,2016,21
Democratic Republic of the Congo,COD,AF,2017,21
Democratic Republic of the Congo,COD,AF,2018,20
Democratic Republic of the Congo,COD,AF,2019,18
Democratic Republic of the Congo,COD,AF,2020,18
Democratic Republic of the Congo,COD,AF,2021,19
Democratic Republic of the Congo,COD,AF,2022,20
Denmark,DNK,EU,2001,95
Denmark,DNK,EU,2002,95
Denmark,DNK,EU,2003,95
Denmark,DNK,EU,2004,95
Denmark,DNK,EU,2005,95
Denmark,DNK,EU,2006,95
Denmark,DNK,EU,2007,94
Denmark,DNK,EU,2008,93
Denmark,DNK,EU,2009,93
Denmark,DNK,EU,2010,93
Denmark,DNK,EU,2011,94
Denmark,DNK,EU,2012,90
Denmark,DNK,EU,2013,91
Denmark,DNK,EU,2014,92
Denmark,DNK,EU,2015,91
Denmark,DNK,EU,2016,90
Denmark,DNK,EU,2017,88
Denmark,DNK,EU,2018,88
Denmark,DNK,EU,2019,87
Denmark,DNK,EU,2020,88
Denmark,DNK,EU,2021,88
Denmark,DNK,EU,2022,90
Djibouti,DJI,AF,2007,29
Djibouti,DJI,AF,2008,30
Djibouti,DJI,AF,2009,28
Djibouti,DJI,AF,2012,36
Djibouti,DJI,AF,2013,36
Djibouti,DJI,AF,2014,34
Djibouti,DJI,AF,2015,34
Djibouti,DJI,AF,2016,30
Djibouti,DJI,AF,2017,31
Djibouti,DJI,AF,2018,31
Djibouti,DJI,AF,2019,30
Djibouti,DJI,AF,2020,27
Djibouti,DJI,AF,2021,30
Djibouti,DJI,AF,2022,30
Dominica,DMA,NA,2007,56
Dominica,DMA,NA,2008,60
Dominica,DMA,NA,2009,59
Dominica,DMA,NA,2010,52
Dominica,DMA,NA,2011,52
Dominica,DMA,NA,2012,58
Dominica,DMA,NA,2013,58
Dominica,DMA,NA,2014,58
Dominica,DMA,NA,2016,59
Dominica,DMA,NA,2017,57
Dominica,DMA,NA,2018,57
Dominica,DMA,NA,2019,55
Dominica,DMA,NA,2020,55
Dominica,DMA,NA,2021,55
Dominica,DMA,NA,2022,55
Dominican Republic,DOM,NA,2001,31
Dominican Republic,DOM,NA,2002,35
Dominican Republic,DOM,NA,2003,33
Dominican Republic,DOM,NA,2004,29
Dominican Republic,DOM,NA,2005,30
Dominican Republic,DOM,NA,2006,28
Dominican Republic,DOM,NA,2007,30
Dominican Republic,DOM,NA,2008,30
Dominican Republic,DOM,NA,2009,30
Dominican Republic,DOM,NA,2010,30
Dominican Republic,DOM,NA,2011,26
Dominican Republic,DOM,NA,2012,32
Dominican Republic,DOM,NA,2013,29
Dominican Republic,DOM,NA,2014,32
Dominican Republic,DOM,NA,2015,33
Dominican Republic,DOM,NA,2016,31
Dominican Republic,DOM,NA,2017,29
Dominican Republic,DOM,NA,2018,30
Dominican Republic,DOM,NA,2019,28
Dominican Republic,DOM,NA,2020,28
Dominican Republic,DOM,NA,2021,30
Dominican Republic,DOM,NA,2022,32
Ecuador,ECU,SA,2001,23
Ecuador,ECU,SA,2002,22
Ecuador,ECU,SA,2003,22
Ecuador,ECU,SA,2004,24
Ecuador,ECU,SA,2005,25
Ecuador,ECU,SA,2006,23
Ecuador,ECU,SA,2007,21
Ecuador,ECU,SA,2008,20
Ecuador,ECU,SA,2009,22
Ecuador,ECU,SA,2010,25
Ecuador,ECU,SA,2011,27
Ecuador,ECU,SA,2012,32
Ecuador,ECU,SA,2013,35
Ecuador,ECU,SA,2014,33
Ecuador,ECU,SA,2015,32
Ecuador,ECU,SA,2016,31
Ecuador,ECU,SA,2017,32
Ecuador,ECU,SA,2018,34
Ecuador,ECU,SA,2019,38
Ecuador,ECU,SA,2020,39
Ecuador,ECU,SA,2021,36
Ecuador,ECU,SA,2022,36
Egypt,EGY,AF,2001,36
Egypt,EGY,AF,2002,34
Egypt,EGY,AF,2003,33
Egypt,EGY,AF,2004,32
Egypt,EGY,AF,2005,34
Egypt,EGY,AF,2006,33
Egypt,EGY,AF,2007,29
Egypt,EGY,AF,2008,28
Egypt,EGY,AF,2009,28
Egypt,EGY,AF,2010,31
Egypt,EGY,AF,2011,29
Egypt,EGY,AF,2012,32
Egypt,EGY,AF,2013,32
Egypt,EGY,AF,2014,37
Egypt,EGY,AF,2015,36
Egypt,EGY,AF,2016,34
Egypt,EGY,AF,2017,32
Egypt,EGY,AF,2018,35
Egypt,EGY,AF,2019,35
Egypt,EGY,AF,2020,33
Egypt,EGY,AF,2021,33
Egypt,EGY,AF,2022,30
El Salvador,SLV,NA,2001,36
El Salvador,SLV,NA,2002,34
El Salvador,SLV,NA,2003,37
El Salvador,SLV,NA,2004,42
El Salvador,SLV,NA,2005,42
El Salvador,SLV,NA,2006,40
El Salvador,SLV,NA,2007,40
El Salvador,SLV,NA,2008,39
El Salvador,SLV,NA,2009,34
El Salvador,SLV,NA,2010,36
El Salvador,SLV,NA,2011,34
El Salvador,SLV,NA,2012,38
El Salvador,SLV,NA,2013,38
El Salvador,SLV,NA,2014,39
El Salvador,SLV,NA,2015,39
El Salvador,SLV,NA,2016,36
El Salvador,SLV,NA,2017,33
El Salvador,SLV,NA,2018,35
El Salvador,SLV,NA,2019,34
El Salvador,SLV,NA,2020,36
El Salvador,SLV,NA,2021,34
El Salvador,SLV,NA,2022,33
Equatorial Guinea,GNQ,AF,2005,19
Equatorial Guinea,GNQ,AF,2006,21
Equatorial Guinea,GNQ,AF,2007,19
Equatorial Guinea,GNQ,AF,2008,17
Equatorial Guinea,GNQ,AF,2009,18
Equatorial Guinea,GNQ,AF,2010,19
Equatorial Guinea,GNQ,AF,2011,19
Equatorial Guinea,GNQ,AF,2012,20
Equatorial Guinea,GNQ,AF,2013,19
Equatorial Guinea,GNQ,AF,2014,19
Equatorial Guinea,GNQ,AF,2017,17
Equatorial Guinea,GNQ,AF,2018,16
Equatorial Guinea,GNQ,AF,2019,16
Equatorial Guinea,GNQ,AF,2020,16
Equatorial Guinea,GNQ,AF,2021,17
Equatorial Guinea,GNQ,AF,2022,17
Eritrea,ERI,AF,2004,26
Eritrea,ERI,AF,2005,26
Eritrea,ERI,AF,2006,29
Eritrea,ERI,AF,2007,28
Eritrea,ERI,AF,2008,26
Eritrea,ERI,AF,2009,26
Eritrea,ERI,AF,2010,26
Eritrea,ERI,AF,2011,25
Eritrea,ERI,AF,2012,25
Eritrea,ERI,AF,2013,20
Eritrea,ERI,AF,2014,18
Eritrea,ERI,AF,2015,18
Eritrea,ERI,AF,2016,18
Eritrea,ERI,AF,2017,20
Eritrea,ERI,AF,2018,24
Eritrea,ERI,AF,2019,23
Eritrea,ERI,AF,2020,21
Eritrea,ERI,AF,2021,22
Eritrea,ERI,AF,2022,22
Estonia,EST,EU,2001,56
Estonia,EST,EU,2002,56
Estonia,EST,EU,2003,55
Estonia,EST,EU,2004,60
Estonia,EST,EU,2005,64
Estonia,EST,EU,2006,67
Estonia,EST,EU,2007,65
Estonia,EST,EU,2008,66
Estonia,EST,EU,2009,66
Estonia,EST,EU,2010,65
Estonia,EST,EU,2011,64
Estonia,EST,EU,2012,64
Estonia,EST,EU,2013,68
Estonia,EST,EU,2014,69
Estonia,EST,EU,2015,70
Estonia,EST,EU,2016,70
Estonia,EST,EU,2017,71
Estonia,EST,EU,2018,73
Estonia,EST,EU,2019,74
Estonia,EST,EU,2020,75
Estonia,EST,EU,2021,74
Estonia,EST,EU,2022,74
Ethiopia,ETH,AF,2002,35
Ethiopia,ETH,AF,2003,25
Ethiopia,ETH,AF,2004,23
Ethiopia,ETH,AF,2005,22
Ethiopia,ETH,AF,2006,24
Ethiopia,ETH,AF,2007,24
Ethiopia,ETH,AF,2008,26
Ethiopia,ETH,AF,2009,27
Ethiopia,ETH,AF,2010,27
Ethiopia,ETH,AF,2011,27
Ethiopia,ETH,AF,2012,33
Ethiopia,ETH,AF,2013,33
Ethiopia,ETH,AF,2014,33
Ethiopia,ETH,AF,2015,33
Ethiopia,ETH,AF,2016,34
Ethiopia,ETH,AF,2017,35
Ethiopia,ETH,AF,2018,34
Ethiopia,ETH,AF,2019,37
Ethiopia,ETH,AF,2020,38
Ethiopia,ETH,AF,2021,39
Ethiopia,ETH,AF,2022,38
Fiji,FJI,OC,2004,40
Fiji,FJI,OC,2022,53
Finland,FIN,EU,2001,99
Finland,FIN,EU,2002,97
Finland,FIN,EU,2003,97
Finland,FIN,EU,2004,97
Finland,FIN,EU,2005,96
Finland,FIN,EU,2006,96
Finland,FIN,EU,2007,94
Finland,FIN,EU,2008,90
Finland,FIN,EU,2009,89
Finland,FIN,EU,2010,92
Finland,FIN,EU,2011,94
Finland,FIN,EU,2012,90
Finland,FIN,EU,2013,89
Finland,FIN,EU,2014,89
Finland,FIN,EU,2015,90
Finland,FIN,EU,2016,89
Finland,FIN,EU,2017,85
Finland,FIN,EU,2018,85
Finland,FIN,EU,2019,86
Finland,FIN,EU,2020,85
Finland,FIN,EU,2021,88
Finland,FIN,EU,2022,87
France,FRA,EU,2001,67
France,FRA,EU,2002,63
France,FRA,EU,2003,69
France,FRA,EU,2004,71
France,FRA,EU,2005,75
France,FRA,EU,2006,74
France,FRA,EU,2007,73
France,FRA,EU,2008,69
France,FRA,EU,2009,69
France,FRA,EU,2010,68
France,FRA,EU,2011,70
France,FRA,EU,2012,70
France,FRA,EU,2013,71
France,FRA,EU,2014,69
France,FRA,EU,2015,70
France,FRA,EU,2016,69
France,FRA,EU,2017,70
France,FRA,EU,2018,72
France,FRA,EU,2019,69
France,FRA,EU,2020,69
France,FRA,EU,2021,71
France,FRA,EU,2022,72
Gabon,GAB,AF,2004,33
Gabon,GAB,AF,2005,29
Gabon,GAB,AF,2006,30
Gabon,GAB,AF,2007,33
Gabon,GAB,AF,2008,31
Gabon,GAB,AF,2009,29
Gabon,GAB,AF,2010,28
Gabon,GAB,AF,2011,30
Gabon,GAB,AF,2012,35
Gabon,GAB,AF,2013,34
Gabon,GAB,AF,2014,37
Gabon,GAB,AF,2015,34
Gabon,GAB,AF,2016,35
Gabon,GAB,AF,2017,32
Gabon,GAB,AF,2018,31
Gabon,GAB,AF,2019,31
Gabon,GAB,AF,2020,30
Gabon,GAB,AF,2021,31
Gabon,GAB,AF,2022,29
Gambia,GMB,AF,2003,25
Gambia,GMB,AF,2004,28
Gambia,GMB,AF,2005,27
Gambia,GMB,AF,2006,25
Gambia,GMB,AF,2007,23
Gambia,GMB,AF,2008,19
Gambia,GMB,AF,2009,29
Gambia,GMB,AF,2010,32
Gambia,GMB,AF,2011,35
Gambia,GMB,AF,2012,34
Gambia,GMB,AF,2013,28
Gambia,GMB,AF,2014,29
Gambia,GMB,AF,2015,28
Gambia,GMB,AF,2016,26
Gambia,GMB,AF,2017,30
Gambia,GMB,AF,2018,37
Gambia,GMB,AF,2019,37
Gambia,GMB,AF,2020,37
Gambia,GMB,AF,2021,37
Gambia,GMB,AF,2022,34
Georgia,GEO,AS,2002,24
Georgia,GEO,AS,2003,18
Georgia,GEO,AS,2004,20
Georgia,GEO,AS,2005,23
Georgia,GEO,AS,2006,28
Georgia,GEO,AS,2007,34
Georgia,GEO,AS,2008,39
Georgia,GEO,AS,2009,41
Georgia,GEO,AS,2010,38
Georgia,GEO,AS,2011,41
Georgia,GEO,AS,2012,52
Georgia,GEO,AS,2013,49
Georgia,GEO,AS,2014,52
Georgia,GEO,AS,2015,52
Georgia,GEO,AS,2016,57
Georgia,GEO,AS,2017,56
Georgia,GEO,AS,2018,58
Georgia,GEO,AS,2019,56
Georgia,GEO,AS,2020,56
Georgia,GEO,AS,2021,55
Georgia,GEO,AS,2022,56
Germany,DEU,EU,2001,74
Germany,DEU,EU,2002,73
Germany,DEU,EU,2003,77
Germany,DEU,EU,2004,82
Germany,DEU,EU,2005,82
Germany,DEU,EU,2006,80
Germany,DEU,EU,2007,78
Germany,DEU,EU,2008,79
Germany,DEU,EU,2009,80
Germany,DEU,EU,2010,79
Germany,DEU,EU,2011,80
Germany,DEU,EU,2012,79
Germany,DEU,EU,2013,78
Germany,DEU,EU,2014,79
Germany,DEU,EU,2015,81
Germany,DEU,EU,2016,81
Germany,DEU,EU,2017,81
Germany,DEU,EU,2018,80
Germany,DEU,EU,2019,80
Germany,DEU,EU,2020,80
Germany,DEU,EU,2021,80
Germany,DEU,EU,2022,79
Ghana,GHA,AF,2001,34
Ghana,GHA,AF,2002,39
Ghana,GHA,AF,2003,33
Ghana,GHA,AF,2004,36
Ghana,GHA,AF,2005,35
Ghana,GHA,AF,2006,33
Ghana,GHA,AF,2007,37
Ghana,GHA,AF,2008,39
Ghana,GHA,AF,2009,39
Ghana,GHA,AF,2011,39
Ghana,GHA,AF,2012,45
Ghana,GHA,AF,2013,46
Ghana,GHA,AF,2014,48
Ghana,GHA,AF,2015,47
Ghana,GHA,AF,2016,43
Ghana,GHA,AF,2017,40
Ghana,GHA,AF,2018,41
Ghana,GHA,AF,2019,41
Ghana,GHA,AF,2020,43
Ghana,GHA,AF,2021,43
Ghana,GHA,AF,2022,43
Greece,GRC,EU,2001,42
Greece,GRC,EU,2002,42
Greece,GRC,EU,2003,43
Greece,GRC,EU,2004,43
Greece,GRC,EU,2005,43
Greece,GRC,EU,2006,44
Greece,GRC,EU,2007,46
Greece,GRC,EU,2008,47
Greece,GRC,EU,2009,38
Greece,GRC,EU,2010,35
Greece,GRC,EU,2011,34
Greece,GRC,EU,2012,36
Greece,GRC,EU,2013,40
Greece,GRC,EU,2014,43
Greece,GRC,EU,2015,46
Greece,GRC,EU,2016,44
Greece,GRC,EU,2017,48
Greece,GRC,EU,2018,45
Greece,GRC,EU,2019,48
Greece,GRC,EU,2020,50
Greece,GRC,EU,2021,49
Greece,GRC,EU,2022,52
Grenada,GRD,NA,2007,34
Grenada,GRD,NA,2016,56
Grenada,GRD,NA,2017,52
Grenada,GRD,NA,2018,52
Grenada,GRD,NA,2019,53
Grenada,GRD,NA,2020,53
Grenada,GRD,NA,2021,53
Guatemala,GTM,NA,2001,29
Guatemala,GTM,NA,2002,25
Guatemala,GTM,NA,2003,24
Guatemala,GTM,NA,2004,22
Guatemala,GTM,NA,2005,25
Guatemala,GTM,NA,2006,26
Guatemala,GTM,NA,2007,28
Guatemala,GTM,NA,2008,31
Guatemala,GTM,NA,2009,34
Guatemala,GTM,NA,2010,32
Guatemala,GTM,NA,2011,27
Guatemala,GTM,NA,2012,33
Guatemala,GTM,NA,2013,29
Guatemala,GTM,NA,2014,32
Guatemala,GTM,NA,2015,28
Guatemala,GTM,NA,2016,28
Guatemala,GTM,NA,2017,28
Guatemala,GTM,NA,2018,27
Guatemala,GTM,NA,2019,26
Guatemala,GTM,NA,2020,25
Guatemala,GTM,NA,2021,25
Guatemala,GTM,NA,2022,24
Guinea,GIN,AF,2012,24
Guinea,GIN,AF,2013,24
Guinea,GIN,AF,2014,25
Guinea,GIN,AF,2015,25
Guinea,GIN,AF,2016,27
Guinea,GIN,AF,2017,27
Guinea,GIN,AF,2018,28
Guinea,GIN,AF,2019,29
Guinea,GIN,AF,2020,28
Guinea,GIN,AF,2021,25
Guinea,GIN,AF,2022,25
Guinea-Bissau,GNB,AF,2012,25
Guinea-Bissau,GNB,AF,2013,19
Guinea-Bissau,GNB,AF,2014,19
Guinea-Bissau,GNB,AF,2015,17
Guinea-Bissau,GNB,AF,2016,16
Guinea-Bissau,GNB,AF,2017,17
Guinea-Bissau,GNB,AF,2018,16
Guinea-Bissau,GNB,AF,2019,18
Guinea-Bissau,GNB,AF,2020,19
Guinea-Bissau,GNB,AF,2021,21
Guinea-Bissau,GNB,AF,2022,21
Guyana,GUY,SA,2005,25
Guyana,GUY,SA,2006,25
Guyana,GUY,SA,2007,26
Guyana,GUY,SA,2008,26
Guyana,GUY,SA,2009,26
Guyana,GUY,SA,2010,27
Guyana,GUY,SA,2011,25
Guyana,GUY,SA,2012,28
Guyana,GUY,SA,2013,27
Guyana,GUY,SA,2014,30
Guyana,GUY,SA,2015,29
Guyana,GUY,SA,2016,34
Guyana,GUY,SA,2017,38
Guyana,GUY,SA,2018,37
Guyana,GUY,SA,2019,40
Guyana,GUY,SA,2020,41
Guyana,GUY,SA,2021,39
Guyana,GUY,SA,2022,40
Haiti,HTI,NA,2002,22
Haiti,HTI,NA,2003,15
Haiti,HTI,NA,2004,15
Haiti,HTI,NA,2005,18
Haiti,HTI,NA,2006,18
Haiti,HTI,NA,2007,16
Haiti,HTI,NA,2008,14
Haiti,HTI,NA,2009,18
Haiti,HTI,NA,2010,22
Haiti,HTI,NA,2011,18
Haiti,HTI,NA,2012,19
Haiti,HTI,NA,2013,19
Haiti,HTI,NA,2014,19
Haiti,HTI,NA,2015,17
Haiti,HTI,NA,2016,20
Haiti,HTI,NA,2017,22
Haiti,HTI,NA,2018,20
Haiti,HTI,NA,2019,18
Haiti,HTI,NA,2020,18
Haiti,HTI,NA,2021,20
Haiti,HTI,NA,2022,17
Honduras,HND,NA,2001,27
Honduras,HND,NA,2002,27
Honduras,HND,NA,2003,23
Honduras,HND,NA,2004,23
Honduras,HND,NA,2005,26
Honduras,HND,NA,2006,25
Honduras,HND,NA,2007,25
Honduras,HND,NA,2008,26
Honduras,HND,NA,2009,25
Honduras,HND,NA,2010,24
Honduras,HND,NA,2011,26
Honduras,HND,NA,2012,28
Honduras,HND,NA,2013,26
Honduras,HND,NA,2014,29
Honduras,HND,NA,2015,31
Honduras,HND,NA,2016,30
Honduras,HND,NA,2017,29
Honduras,HND,NA,2018,29
Honduras,HND,NA,2019,26
Honduras,HND,NA,2020,24
Honduras,HND,NA,2021,23
Honduras,HND,NA,2022,23
Hong Kong,HKG,AS,2001,79
Hong Kong,HKG,AS,2002,82
Hong Kong,HKG,AS,2003,80
Hong Kong,HKG,AS,2004,80
Hong Kong,HKG,AS,2005,83
Hong Kong,HKG,AS,2006,83
Hong Kong,HKG,AS,2007,83
Hong Kong,HKG,AS,2008,81
Hong Kong,HKG,AS,2009,82
Hong Kong,HKG,AS,2010,84
Hong Kong,HKG,AS,2011,84
Hong Kong,HKG,AS,2012,77
Hong Kong,HKG,AS,2013,75
Hong Kong,HKG,AS,2014,74
Hong Kong,HKG,AS,2015,75
Hong Kong,HKG,AS,2016,77
Hong Kong,HKG,AS,2017,77
Hong Kong,HKG,AS,2018,76
Hong Kong,HKG,AS,2019,76
Hong Kong,HKG,AS,2020,77
Hong Kong,HKG,AS,2021,76
Hong Kong,HKG,AS,2022,76
Hungary,HUN,EU,2001,53
Hungary,HUN,EU,2002,49
Hungary,HUN,EU,2003,48
Hungary,HUN,EU,2004,48
Hungary,HUN,EU,2005,50
Hungary,HUN,EU,2006,52
Hungary,HUN,EU,2007,53
Hungary,HUN,EU,2008,51
Hungary,HUN,EU,2009,51
Hungary,HUN,EU,2010,47
Hungary,HUN,EU,2011,46
Hungary,HUN,EU,2012,55
Hungary,HUN,EU,2013,54
Hungary,HUN,EU,2014,54
Hungary,HUN,EU,2015,51
Hungary,HUN,EU,2016,48
Hungary,HUN,EU,2017,45
Hungary,HUN,EU,2018,46
Hungary,HUN,EU,2019,44
Hungary,HUN,EU,2020,44
Hungary,HUN,EU,2021,43
Hungary,HUN,EU,2022,42
Iceland,ISL,EU,2001,92
Iceland,ISL,EU,2002,94
Iceland,ISL,EU,2003,96
Iceland,ISL,EU,2004,95
Iceland,ISL,EU,2005,97
Iceland,ISL,EU,2006,96
Iceland,ISL,EU,2007,92
Iceland,ISL,EU,2008,89
Iceland,ISL,EU,2009,87
Iceland,ISL,EU,2010,85
Iceland,ISL,EU,2011,83
Iceland,ISL,EU,2012,82
Iceland,ISL,EU,2013,78
Iceland,ISL,EU,2014,79
Iceland,ISL,EU,2015,79
Iceland,ISL,EU,2016,78
Iceland,ISL,EU,2017,77
Iceland,ISL,EU,2018,76
Iceland,ISL,EU,2019,78
Iceland,ISL,EU,2020,75
Iceland,ISL,EU,2021,74
Iceland,ISL,EU,2022,74
India,IND,AS,2001,27
India,IND,AS,2002,27
India,IND,AS,2003,28
India,IND,AS,2004,28
India,IND,AS,2005,29
India,IND,AS,2006,33
India,IND,AS,2007,35
India,IND,AS,2008,34
India,IND,AS,2009,34
India,IND,AS,2010,33
India,IND,AS,2011,31
India,IND,AS,2012,36
India,IND,AS,2013,36
India,IND,AS,2014,38
India,IND,AS,2015,38
India,IND,AS,2016,40
India,IND,AS,2017,40
India,IND,AS,2018,41
India,IND,AS,2019,41
India,IND,AS,2020,40
India,IND,AS,2021,40
India,IND,AS,2022,40
Indonesia,IDN,AS,2001,19
Indonesia,IDN,AS,2002,19
Indonesia,IDN,AS,2003,19
Indonesia,IDN,AS,2004,20
Indonesia,IDN,AS,2005,22
Indonesia,IDN,AS,2006,24
Indonesia,IDN,AS,2007,23
Indonesia,IDN,AS,2008,26
Indonesia,IDN,AS,2009,28
Indonesia,IDN,AS,2010,28
Indonesia,IDN,AS,2011,30
Indonesia,IDN,AS,2012,32
Indonesia,IDN,AS,2013,32
Indonesia,IDN,AS,2014,34
Indonesia,IDN,AS,2015,36
Indonesia,IDN,AS,2016,37
Indonesia,IDN,AS,2017,37
Indonesia,IDN,AS,2018,38
Indonesia,IDN,AS,2019,40
Indonesia,IDN,AS,2020,37
Indonesia,IDN,AS,2021,38
Indonesia,IDN,AS,2022,34
Iran,IRN,AS,2004,29
Iran,IRN,AS,2005,29
Iran,IRN,AS,2006,27
Iran,IRN,AS,2007,25
Iran,IRN,AS,2008,23
Iran,IRN,AS,2009,18
Iran,IRN,AS,2010,22
Iran,IRN,AS,2011,27
Iran,IRN,AS,2012,28
Iran,IRN,AS,2013,25
Iran,IRN,AS,2014,27
Iran,IRN,AS,2015,27
Iran,IRN,AS,2016,29
Iran,IRN,AS,2017,30
Iran,IRN,AS,2018,28
Iran,IRN,AS,2019,26
Iran,IRN,AS,2020,25
Iran,IRN,AS,2021,25
Iran,IRN,AS,2022,25
Iraq,IRQ,AS,2003,22
Iraq,IRQ,AS,2004,21
Iraq,IRQ,AS,2005,22
Iraq,IRQ,AS,2006,19
Iraq,IRQ,AS,2007,15
Iraq,IRQ,AS,2008,13
Iraq,IRQ,AS,2009,15
Iraq,IRQ,AS,2010,15
Iraq,IRQ,AS,2011,18
Iraq,IRQ,AS,2012,18
Iraq,IRQ,AS,2013,16
Iraq,IRQ,AS,2014,16
Iraq,IRQ,AS,2015,16
Iraq,IRQ,AS,2016,17
Iraq,IRQ,AS,2017,18
Iraq,IRQ,AS,2018,18
Iraq,IRQ,AS,2019,20
Iraq,IRQ,AS,2020,21
Iraq,IRQ,AS,2021,23
Iraq,IRQ,AS,2022,23
Ireland,IRL,EU,2001,75
Ireland,IRL,EU,2002,69
Ireland,IRL,EU,2003,75
Ireland,IRL,EU,2004,75
Ireland,IRL,EU,2005,74
Ireland,IRL,EU,2006,74
Ireland,IRL,EU,2007,75
Ireland,IRL,EU,2008,77
Ireland,IRL,EU,2009,80
Ireland,IRL,EU,2010,80
Ireland,IRL,EU,2011,75
Ireland,IRL,EU,2012,69
Ireland,IRL,EU,2013,72
Ireland,IRL,EU,2014,74
Ireland,IRL,EU,2015,75
Ireland,IRL,EU,2016,73
Ireland,IRL,EU,2017,74
Ireland,IRL,EU,2018,73
Ireland,IRL,EU,2019,74
Ireland,IRL,EU,2020,72
Ireland,IRL,EU,2021,74
Ireland,IRL,EU,2022,77
Israel,ISR,AS,2001,76
Israel,ISR,AS,2002,73
Israel,ISR,AS,2003,70
Israel,ISR,AS,2004,64
Israel,ISR,AS,2005,63
Israel,ISR,AS,2006,59
Israel,ISR,AS,2007,61
Israel,ISR,AS,2008,60
Israel,ISR,AS,2009,61
Israel,ISR,AS,2010,61
Israel,ISR,AS,2011,58
Israel,ISR,AS,2012,60
Israel,ISR,AS,2013,61
Israel,ISR,AS,2014,60
Israel,ISR,AS,2015,61
Israel,ISR,AS,2016,64
Israel,ISR,AS,2017,62
Israel,ISR,AS,2018,61
Israel,ISR,AS,2019,60
Israel,ISR,AS,2020,60
Israel,ISR,AS,2021,59
Israel,ISR,AS,2022,63
Italy,ITA,EU,2001,55
Italy,ITA,EU,2002,52
Italy,ITA,EU,2003,53
Italy,ITA,EU,2004,48
Italy,ITA,EU,2005,50
Italy,ITA,EU,2006,49
Italy,ITA,EU,2007,52
Italy,ITA,EU,2008,48
Italy,ITA,EU,2009,43
Italy,ITA,EU,2010,39
Italy,ITA,EU,2011,39
Italy,ITA,EU,2012,42
Italy,ITA,EU,2013,43
Italy,ITA,EU,2014,43
Italy,ITA,EU,2015,44
Italy,ITA,EU,2016,47
Italy,ITA,EU,2017,50
Italy,ITA,EU,2018,52
Italy,ITA,EU,2019,53
Italy,ITA,EU,2020,53
Italy,ITA,EU,2021,56
Italy,ITA,EU,2022,56
Ivory Coast,CIV,AF,2013,27
Ivory Coast,CIV,AF,2014,32
Ivory Coast,CIV,AF,2015,32
Ivory Coast,CIV,AF,2016,34
Ivory Coast,CIV,AF,2017,36
Ivory Coast,CIV,AF,2018,35
Ivory Coast,CIV,AF,2019,35
Ivory Coast,CIV,AF,2020,36
Ivory Coast,CIV,AF,2021,36
Ivory Coast,CIV,AF,2022,37
Jamaica,JAM,NA,2003,38
Jamaica,JAM,NA,2004,33
Jamaica,JAM,NA,2005,36
Jamaica,JAM,NA,2006,37
Jamaica,JAM,NA,2007,33
Jamaica,JAM,NA,2008,31
Jamaica,JAM,NA,2009,30
Jamaica,JAM,NA,2010,33
Jamaica,JAM,NA,2011,33
Jamaica,JAM,NA,2012,38
Jamaica,JAM,NA,2013,38
Jamaica,JAM,NA,2014,38
Jamaica,JAM,NA,2015,41
Jamaica,JAM,NA,2016,39
Jamaica,JAM,NA,2017,44
Jamaica,JAM,NA,2018,44
Jamaica,JAM,NA,2019,43
Jamaica,JAM,NA,2020,44
Jamaica,JAM,NA,2021,44
Jamaica,JAM,NA,2022,44
Japan,JPN,AS,2001,71
Japan,JPN,AS,2002,71
Japan,JPN,AS,2003,70
Japan,JPN,AS,2004,69
Japan,JPN,AS,2005,73
Japan,JPN,AS,2006,76
Japan,JPN,AS,2007,75
Japan,JPN,AS,2008,73
Japan,JPN,AS,2009,77
Japan,JPN,AS,2010,78
Japan,JPN,AS,2011,80
Japan,JPN,AS,2012,74
Japan,JPN,AS,2013,74
Japan,JPN,AS,2014,76
Japan,JPN,AS,2015,75
Japan,JPN,AS,2016,72
Japan,JPN,AS,2017,73
Japan,JPN,AS,2018,73
Japan,JPN,AS,2019,73
Japan,JPN,AS,2020,74
Japan,JPN,AS,2021,73
Japan,JPN,AS,2022,73
Jordan,JOR,AS,2001,49
Jordan,JOR,AS,2002,45
Jordan,JOR,AS,2003,46
Jordan,JOR,AS,2004,53
Jordan,JOR,AS,2005,57
Jordan,JOR,AS,2006,53
Jordan,JOR,AS,2007,47
Jordan,JOR,AS,2008,51
Jordan,JOR,AS,2009,50
Jordan,JOR,AS,2010,47
Jordan,JOR,AS,2011,45
Jordan,JOR,AS,2012,48
Jordan,JOR,AS,2013,45
Jordan,JOR,AS,2014,49
Jordan,JOR,AS,2015,53
Jordan,JOR,AS,2016,48
Jordan,JOR,AS,2017,48
Jordan,JOR,AS,2018,49
Jordan,JOR,AS,2019,48
Jordan,JOR,AS,2020,49
Jordan,JOR,AS,2021,49
Jordan,JOR,AS,2022,47
Kazakhstan,KAZ,AS,2001,27
Kazakhstan,KAZ,AS,2002,23
Kazakhstan,KAZ,AS,2003,24
Kazakhstan,KAZ,AS,2004,22
Kazakhstan,KAZ,AS,2005,26
Kazakhstan,KAZ,AS,2006,26
Kazakhstan,KAZ,AS,2007,21
Kazakhstan,KAZ,AS,2008,22
Kazakhstan,KAZ,AS,2009,27
Kazakhstan,KAZ,AS,2012,28
Kazakhstan,KAZ,AS,2013,26
Kazakhstan,KAZ,AS,2014,29
Kazakhstan,KAZ,AS,2015,28
Kazakhstan,KAZ,AS,2016,29
Kazakhstan,KAZ,AS,2017,31
Kazakhstan,KAZ,AS,2018,31
Kazakhstan,KAZ,AS,2019,34
Kazakhstan,KAZ,AS,2020,38
Kazakhstan,KAZ,AS,2021,37
Kazakhstan,KAZ,AS,2022,36
Kenya,KEN,AF,2001,20
Kenya,KEN,AF,2002,19
Kenya,KEN,AF,2003,19
Kenya,KEN,AF,2004,21
Kenya,KEN,AF,2005,21
Kenya,KEN,AF,2006,22
Kenya,KEN,AF,2007,21
Kenya,KEN,AF,2008,21
Kenya,KEN,AF,2009,22
Kenya,KEN,AF,2010,21
Kenya,KEN,AF,2011,22
Kenya,KEN,AF,2012,27
Kenya,KEN,AF,2013,27
Kenya,KEN,AF,2014,25
Kenya,KEN,AF,2015,25
Kenya,KEN,AF,2016,26
Kenya,KEN,AF,2017,28
Kenya,KEN,AF,2018,27
Kenya,KEN,AF,2019,28
Kenya,KEN,AF,2020,31
Kenya,KEN,AF,2021,30
Kenya,KEN,AF,2022,32
Kiribati,KIR,OC,2007,33
Kiribati,KIR,OC,2008,31
Kiribati,KIR,OC,2009,28
Kiribati,KIR,OC,2010,32
Kiribati,KIR,OC,2011,31
Kuwait,KWT,AS,2003,53
Kuwait,KWT,AS,2004,46
Kuwait,KWT,AS,2005,47
Kuwait,KWT,AS,2006,48
Kuwait,KWT,AS,2007,43
Kuwait,KWT,AS,2008,43
Kuwait,KWT,AS,2009,41
Kuwait,KWT,AS,2010,45
Kuwait,KWT,AS,2011,46
Kuwait,KWT,AS,2012,44
Kuwait,KWT,AS,2013,43
Kuwait,KWT,AS,2014,44
Kuwait,KWT,AS,2015,49
Kuwait,KWT,AS,2016,41
Kuwait,KWT,AS,2017,39
Kuwait,KWT,AS,2018,41
Kuwait,KWT,AS,2019,40
Kuwait,KWT,AS,2020,42
Kuwait,KWT,AS,2021,43
Kuwait,KWT,AS,2022,42
Kyrgyzstan,KGZ,AS,2012,24
Kyrgyzstan,KGZ,AS,2013,24
Kyrgyzstan,KGZ,AS,2014,27
Kyrgyzstan,KGZ,AS,2015,28
Kyrgyzstan,KGZ,AS,2016,28
Kyrgyzstan,KGZ,AS,2017,29
Kyrgyzstan,KGZ,AS,2018,29
Kyrgyzstan,KGZ,AS,2019,30
Kyrgyzstan,KGZ,AS,2020,31
Kyrgyzstan,KGZ,AS,2021,27
Kyrgyzstan,KGZ,AS,2022,27
Laos,LAO,AS,2005,33
Laos,LAO,AS,2006,26
Laos,LAO,AS,2007,19
Laos,LAO,AS,2008,20
Laos,LAO,AS,2009,20
Laos,LAO,AS,2010,21
Laos,LAO,AS,2011,22
Laos,LAO,AS,2012,21
Laos,LAO,AS,2013,26
Laos,LAO,AS,2014,25
Laos,LAO,AS,2015,25
Laos,LAO,AS,2016,30
Laos,LAO,AS,2017,29
Laos,LAO,AS,2018,29
Laos,LAO,AS,2019,29
Laos,LAO,AS,2020,29
Laos,LAO,AS,2021,30
Laos,LAO,AS,2022,31
Latvia,LVA,EU,2001,34
Latvia,LVA,EU,2002,37
Latvia,LVA,EU,2003,38
Latvia,LVA,EU,2004,40
Latvia,LVA,EU,2005,42
Latvia,LVA,EU,2006,47
Latvia,LVA,EU,2007,48
Latvia,LVA,EU,2008,50
Latvia,LVA,EU,2009,45
Latvia,LVA,EU,2010,43
Latvia,LVA,EU,2011,42
Latvia,LVA,EU,2012,49
Latvia,LVA,EU,2013,53
Latvia,LVA,EU,2014,55
Latvia,LVA,EU,2015,55
Latvia,LVA,EU,2016,57
Latvia,LVA,EU,2017,58
Latvia,LVA,EU,2018,58
Latvia,LVA,EU,2019,56
Latvia,LVA,EU,2020,57
Latvia,LVA,EU,2021,59
Latvia,LVA,EU,2022,59
Lebanon,LBN,AS,2003,30
Lebanon,LBN,AS,2004,27
Lebanon,LBN,AS,2005,31
Lebanon,LBN,AS,2006,36
Lebanon,LBN,AS,2007,30
Lebanon,LBN,AS,2008,30
Lebanon,LBN,AS,2009,25
Lebanon,LBN,AS,2010,25
Lebanon,LBN,AS,2011,25
Lebanon,LBN,AS,2012,30
Lebanon,LBN,AS,2013,28
Lebanon,LBN,AS,2014,27
Lebanon,LBN,AS,2015,28
Lebanon,LBN,AS,2016,28
Lebanon,LBN,AS,2017,28
Lebanon,LBN,AS,2018,28
Lebanon,LBN,AS,2019,28
Lebanon,LBN,AS,2020,25
Lebanon,LBN,AS,2021,24
Lebanon,LBN,AS,2022,24
Lesotho,LSO,AF,2005,34
Lesotho,LSO,AF,2006,32
Lesotho,LSO,AF,2007,33
Lesotho,LSO,AF,2008,32
Lesotho,LSO,AF,2009,33
Lesotho,LSO,AF,2010,35
Lesotho,LSO,AF,2011,35
Lesotho,LSO,AF,2012,45
Lesotho,LSO,AF,2013,49
Lesotho,LSO,AF,2014,49
Lesotho,LSO,AF,2015,44
Lesotho,LSO,AF,2016,39
Lesotho,LSO,AF,2017,42
Lesotho,LSO,AF,2018,41
Lesotho,LSO,AF,2019,40
Lesotho,LSO,AF,2020,41
Lesotho,LSO,AF,2021,38
Lesotho,LSO,AF,2022,37
Liberia,LBR,AF,2012,41
Liberia,LBR,AF,2013,38
Liberia,LBR,AF,2014,37
Liberia,LBR,AF,2015,37
Liberia,LBR,AF,2016,37
Liberia,LBR,AF,2017,31
Liberia,LBR,AF,2018,32
Liberia,LBR,AF,2019,28
Liberia,LBR,AF,2020,28
Liberia,LBR,AF,2021,29
Liberia,LBR,AF,2022,26
Libya,LBY,AF,2003,21
Libya,LBY,AF,2004,25
Libya,LBY,AF,2005,25
Libya,LBY,AF,2006,27
Libya,LBY,AF,2007,25
Libya,LBY,AF,2008,26
Libya,LBY,AF,2009,25
Libya,LBY,AF,2010,22
Libya,LBY,AF,2011,20
Libya,LBY,AF,2012,21
Libya,LBY,AF,2013,15
Libya,LBY,AF,2014,18
Libya,LBY,AF,2015,16
Libya,LBY,AF,2016,14
Libya,LBY,AF,2017,17
Libya,LBY,AF,2018,17
Libya,LBY,AF,2019,18
Libya,LBY,AF,2020,17
Libya,LBY,AF,2021,17
Libya,LBY,AF,2022,17
Lithuania,LTU,EU,2001,48
Lithuania,LTU,EU,2002,48
Lithuania,LTU,EU,2003,47
Lithuania,LTU,EU,2004,46
Lithuania,LTU,EU,2005,48
Lithuania,LTU,EU,2006,48
Lithuania,LTU,EU,2007,48
Lithuania,LTU,EU,2008,46
Lithuania,LTU,EU,2009,49
Lithuania,LTU,EU,2010,50
Lithuania,LTU,EU,2011,48
Lithuania,LTU,EU,2012,54
Lithuania,LTU,EU,2013,57
Lithuania,LTU,EU,2014,58
Lithuania,LTU,EU,2015,61
Lithuania,LTU,EU,2016,59
Lithuania,LTU,EU,2017,59
Lithuania,LTU,EU,2018,59
Lithuania,LTU,EU,2019,60
Lithuania,LTU,EU,2020,60
Lithuania,LTU,EU,2021,61
Lithuania,LTU,EU,2022,62
Luxembourg,LUX,EU,2001,87
Luxembourg,LUX,EU,2002,90
Luxembourg,LUX,EU,2003,87
Luxembourg,LUX,EU,2004,84
Luxembourg,LUX,EU,2005,85
Luxembourg,LUX,EU,2006,86
Luxembourg,LUX,EU,2007,84
Luxembourg,LUX,EU,2008,83
Luxembourg,LUX,EU,2009,82
Luxembourg,LUX,EU,2010,85
Luxembourg,LUX,EU,2011,85
Luxembourg,LUX,EU,2012,80
Luxembourg,LUX,EU,2013,80
Luxembourg,LUX,EU,2014,82
Luxembourg,LUX,EU,2015,81
Luxembourg,LUX,EU,2016,81
Luxembourg,LUX,EU,2017,82
Luxembourg,LUX,EU,2018,81
Luxembourg,LUX,EU,2019,80
Luxembourg,LUX,EU,2020,80
Luxembourg,LUX,EU,2021,81
Luxembourg,LUX,EU,2022,77
Madagascar,MDG,AF,2002,17
Madagascar,MDG,AF,2003,26
Madagascar,MDG,AF,2004,31
Madagascar,MDG,AF,2005,28
Madagascar,MDG,AF,2006,31
Madagascar,MDG,AF,2007,32
Madagascar,MDG,AF,2008,34
Madagascar,MDG,AF,2009,30
Madagascar,MDG,AF,2010,26
Madagascar,MDG,AF,2011,30
Madagascar,MDG,AF,2012,32
Madagascar,MDG,AF,2013,28
Madagascar,MDG,AF,2014,28
Madagascar,MDG,AF,2015,28
Madagascar,MDG,AF,2016,26
Madagascar,MDG,AF,2017,24
Madagascar,MDG,AF,2018,25
Madagascar,MDG,AF,2019,24
Madagascar,MDG,AF,2020,25
Madagascar,MDG,AF,2021,26
Madagascar,MDG,AF,2022,26
Malawi,MWI,AF,2001,32
Malawi,MWI,AF,2002,29
Malawi,MWI,AF,2003,28
Malawi,MWI,AF,2004,28
Malawi,MWI,AF,2005,28
Malawi,MWI,AF,2006,27
Malawi,MWI,AF,2007,27
Malawi,MWI,AF,2008,28
Malawi,MWI,AF,2009,33
Malawi,MWI,AF,2010,34
Malawi,MWI,AF,2011,30
Malawi,MWI,AF,2012,37
Malawi,MWI,AF,2013,37
Malawi,MWI,AF,2014,33
Malawi,MWI,AF,2015,31
Malawi,MWI,AF,2016,31
Malawi,MWI,AF,2017,31
Malawi,MWI,AF,2018,32
Malawi,MWI,AF,2019,31
Malawi,MWI,AF,2020,30
Malawi,MWI,AF,2021,35
Malawi,MWI,AF,2022,34
Malaysia,MYS,AS,2001,50
Malaysia,MYS,AS,2002,49
Malaysia,MYS,AS,2003,52
Malaysia,MYS,AS,2004,50
Malaysia,MYS,AS,2005,51
Malaysia,MYS,AS,2006,50
Malaysia,MYS,AS,2007,51
Malaysia,MYS,AS,2008,51
Malaysia,MYS,AS,2009,45
Malaysia,MYS,AS,2010,44
Malaysia,MYS,AS,2011,43
Malaysia,MYS,AS,2012,49
Malaysia,MYS,AS,2013,50
Malaysia,MYS,AS,2014,52
Malaysia,MYS,AS,2015,50
Malaysia,MYS,AS,2016,49
Malaysia,MYS,AS,2017,47
Malaysia,MYS,AS,2018,47
Malaysia,MYS,AS,2019,53
Malaysia,MYS,AS,2020,51
Malaysia,MYS,AS,2021,48
Malaysia,MYS,AS,2022,47
Maldives,MDV,AS,2007,33
Maldives,MDV,AS,2008,28
Maldives,MDV,AS,2009,25
Maldives,MDV,AS,2010,23
Maldives,MDV,AS,2011,25
Maldives,MDV,AS,2016,36
Maldives,MDV,AS,2017,33
Maldives,MDV,AS,2018,31
Maldives,MDV,AS,2019,29
Maldives,MDV,AS,2020,43
Maldives,MDV,AS,2021,40
Maldives,MDV,AS,2022,40
Mali,MLI,AF,2003,30
Mali,MLI,AF,2004,32
Mali,MLI,AF,2005,29
Mali,MLI,AF,2006,28
Mali,MLI,AF,2007,27
Mali,MLI,AF,2008,31
Mali,MLI,AF,2009,28
Mali,MLI,AF,2010,27
Mali,MLI,AF,2011,28
Mali,MLI,AF,2012,34
Mali,MLI,AF,2013,28
Mali,MLI,AF,2014,32
Mali,MLI,AF,2015,35
Mali,MLI,AF,2016,32
Mali,MLI,AF,2017,31
Mali,MLI,AF,2018,32
Mali,MLI,AF,2019,29
Mali,MLI,AF,2020,30
Mali,MLI,AF,2021,29
Mali,MLI,AF,2022,28
Malta,MLT,EU,2004,68
Malta,MLT,EU,2005,66
Malta,MLT,EU,2006,64
Malta,MLT,EU,2007,58
Malta,MLT,EU,2008,58
Malta,MLT,EU,2009,52
Malta,MLT,EU,2010,56
Malta,MLT,EU,2011,56
Malta,MLT,EU,2012,57
Malta,MLT,EU,2013,56
Malta,MLT,EU,2014,55
Malta,MLT,EU,2015,56
Malta,MLT,EU,2016,55
Malta,MLT,EU,2017,56
Malta,MLT,EU,2018,54
Malta,MLT,EU,2019,54
Malta,MLT,EU,2020,53
Malta,MLT,EU,2021,54
Malta,MLT,EU,2022,51
Mauritania,MRT,AF,2006,31
Mauritania,MRT,AF,2007,26
Mauritania,MRT,AF,2008,28
Mauritania,MRT,AF,2009,25
Mauritania,MRT,AF,2010,23
Mauritania,MRT,AF,2011,24
Mauritania,MRT,AF,2012,31
Mauritania,MRT,AF,2013,30
Mauritania,MRT,AF,2014,30
Mauritania,MRT,AF,2015,31
Mauritania,MRT,AF,2016,27
Mauritania,MRT,AF,2017,28
Mauritania,MRT,AF,2018,27
Mauritania,MRT,AF,2019,28
Mauritania,MRT,AF,2020,29
Mauritania,MRT,AF,2021,28
Mauritania,MRT,AF,2022,30
Mauritius,MUS,AF,2001,45
Mauritius,MUS,AF,2002,45
Mauritius,MUS,AF,2003,44
Mauritius,MUS,AF,2004,41
Mauritius,MUS,AF,2005,42
Mauritius,MUS,AF,2006,51
Mauritius,MUS,AF,2007,47
Mauritius,MUS,AF,2008,55
Mauritius,MUS,AF,2009,54
Mauritius,MUS,AF,2010,54
Mauritius,MUS,AF,2011,51
Mauritius,MUS,AF,2013,52
Mauritius,MUS,AF,2014,54
Mauritius,MUS,AF,2015,53
Mauritius,MUS,AF,2016,54
Mauritius,MUS,AF,2017,50
Mauritius,MUS,AF,2018,51
Mauritius,MUS,AF,2020,53
Mauritius,MUS,AF,2021,54
Mauritius,MUS,AF,2022,50
Mexico,MEX,NA,2001,37
Mexico,MEX,NA,2002,36
Mexico,MEX,NA,2003,36
Mexico,MEX,NA,2004,36
Mexico,MEX,NA,2005,35
Mexico,MEX,NA,2006,33
Mexico,MEX,NA,2007,35
Mexico,MEX,NA,2008,36
Mexico,MEX,NA,2009,33
Mexico,MEX,NA,2010,31
Mexico,MEX,NA,2011,30
Mexico,MEX,NA,2012,34
Mexico,MEX,NA,2013,34
Mexico,MEX,NA,2014,35
Mexico,MEX,NA,2015,35
Mexico,MEX,NA,2016,30
Mexico,MEX,NA,2017,29
Mexico,MEX,NA,2018,28
Mexico,MEX,NA,2019,29
Mexico,MEX,NA,2020,31
Mexico,MEX,NA,2021,31
Mexico,MEX,NA,2022,31
Moldova,MDA,EU,2001,31
Moldova,MDA,EU,2002,21
Moldova,MDA,EU,2003,24
Moldova,MDA,EU,2004,23
Moldova,MDA,EU,2005,29
Moldova,MDA,EU,2006,32
Moldova,MDA,EU,2007,28
Moldova,MDA,EU,2008,29
Moldova,MDA,EU,2009,33
Moldova,MDA,EU,2010,29
Moldova,MDA,EU,2011,29
Moldova,MDA,EU,2012,36
Moldova,MDA,EU,2013,35
Moldova,MDA,EU,2014,35
Moldova,MDA,EU,2015,33
Moldova,MDA,EU,2016,30
Moldova,MDA,EU,2017,31
Moldova,MDA,EU,2018,33
Moldova,MDA,EU,2019,32
Moldova,MDA,EU,2020,34
Moldova,MDA,EU,2021,36
Moldova,MDA,EU,2022,39
Mongolia,MNG,AS,2012,36
Mongolia,MNG,AS,2013,38
Mongolia,MNG,AS,2014,39
Mongolia,MNG,AS,2015,39
Mongolia,MNG,AS,2016,38
Mongolia,MNG,AS,2017,36
Mongolia,MNG,AS,2018,37
Mongolia,MNG,AS,2019,35
Mongolia,MNG,AS,2020,35
Mongolia,MNG,AS,2021,35
Mongolia,MNG,AS,2022,33
Montenegro,MNE,EU,2007,33
Montenegro,MNE,EU,2008,34
Montenegro,MNE,EU,2009,39
Montenegro,MNE,EU,2010,37
Montenegro,MNE,EU,2011,40
Montenegro,MNE,EU,2012,41
Montenegro,MNE,EU,2013,44
Montenegro,MNE,EU,2014,42
Montenegro,MNE,EU,2015,44
Montenegro,MNE,EU,2016,45
Montenegro,MNE,EU,2017,46
Montenegro,MNE,EU,2018,45
Montenegro,MNE,EU,2019,45
Montenegro,MNE,EU,2020,45
Montenegro,MNE,EU,2021,46
Montenegro,MNE,EU,2022,45
Morocco,MAR,AF,2002,37
Morocco,MAR,AF,2003,33
Morocco,MAR,AF,2004,32
Morocco,MAR,AF,2005,32
Morocco,MAR,AF,2006,32
Morocco,MAR,AF,2007,35
Morocco,MAR,AF,2008,35
Morocco,MAR,AF,2009,33
Morocco,MAR,AF,2010,34
Morocco,MAR,AF,2011,34
Morocco,MAR,AF,2012,37
Morocco,MAR,AF,2013,37
Morocco,MAR,AF,2014,39
Morocco,MAR,AF,2015,36
Morocco,MAR,AF,2016,37
Morocco,MAR,AF,2017,40
Morocco,MAR,AF,2018,43
Morocco,MAR,AF,2019,41
Morocco,MAR,AF,2020,40
Morocco,MAR,AF,2021,39
Morocco,MAR,AF,2022,38
Mozambique,MOZ,AF,2003,27
Mozambique,MOZ,AF,2004,28
Mozambique,MOZ,AF,2005,28
Mozambique,MOZ,AF,2006,28
Mozambique,MOZ,AF,2007,28
Mozambique,MOZ,AF,2008,26
Mozambique,MOZ,AF,2009,25
Mozambique,MOZ,AF,2010,27
Mozambique,MOZ,AF,2011,27
Mozambique,MOZ,AF,2012,31
Mozambique,MOZ,AF,2013,30
Mozambique,MOZ,AF,2014,31
Mozambique,MOZ,AF,2015,31
Mozambique,MOZ,AF,2016,27
Mozambique,MOZ,AF,2017,25
Mozambique,MOZ,AF,2018,23
Mozambique,MOZ,AF,2019,26
Mozambique,MOZ,AF,2020,25
Mozambique,MOZ,AF,2021,26
Mozambique,MOZ,AF,2022,26
Namibia,NAM,AF,2001,54
Namibia,NAM,AF,2002,57
Namibia,NAM,AF,2003,47
Namibia,NAM,AF,2004,41
Namibia,NAM,AF,2005,43
Namibia,NAM,AF,2006,41
Namibia,NAM,AF,2007,45
Namibia,NAM,AF,2008,45
Namibia,NAM,AF,2009,45
Namibia,NAM,AF,2010,44
Namibia,NAM,AF,2011,44
Namibia,NAM,AF,2012,48
Namibia,NAM,AF,2013,48
Namibia,NAM,AF,2014,49
Namibia,NAM,AF,2015,53
Namibia,NAM,AF,2016,52
Namibia,NAM,AF,2017,51
Namibia,NAM,AF,2018,53
Namibia,NAM,AF,2019,52
Namibia,NAM,AF,2020,51
Namibia,NAM,AF,2021,49
Namibia,NAM,AF,2022,49
Nepal,NPL,AS,2005,25
Nepal,NPL,AS,2006,25
Nepal,NPL,AS,2007,25
Nepal,NPL,AS,2008,27
Nepal,NPL,AS,2009,23
Nepal,NPL,AS,2010,22
Nepal,NPL,AS,2011,22
Nepal,NPL,AS,2012,27
Nepal,NPL,AS,2013,31
Nepal,NPL,AS,2014,29
Nepal,NPL,AS,2015,27
Nepal,NPL,AS,2016,29
Nepal,NPL,AS,2017,31
Nepal,NPL,AS,2018,31
Nepal,NPL,AS,2019,34
Nepal,NPL,AS,2020,33
Nepal,NPL,AS,2021,33
Nepal,NPL,AS,2022,34
Netherlands,NLD,EU,2013,83
Netherlands,NLD,EU,2014,83
Netherlands,NLD,EU,2015,87
Netherlands,NLD,EU,2016,83
Netherlands,NLD,EU,2017,82
Netherlands,NLD,EU,2018,82
Netherlands,NLD,EU,2019,82
Netherlands,NLD,EU,2020,82
Netherlands,NLD,EU,2021,82
Netherlands,NLD,EU,2022,80
New Zealand,NZL,OC,2001,94
New Zealand,NZL,OC,2002,95
New Zealand,NZL,OC,2003,95
New Zealand,NZL,OC,2004,96
New Zealand,NZL,OC,2005,96
New Zealand,NZL,OC,2006,96
New Zealand,NZL,OC,2007,94
New Zealand,NZL,OC,2008,93
New Zealand,NZL,OC,2009,94
New Zealand,NZL,OC,2010,93
New Zealand,NZL,OC,2011,95
New Zealand,NZL,OC,2012,90
New Zealand,NZL,OC,2013,91
New Zealand,NZL,OC,2014,91
New Zealand,NZL,OC,2015,88
New Zealand,NZL,OC,2016,90
New Zealand,NZL,OC,2017,89
New Zealand,NZL,OC,2018,87
New Zealand,NZL,OC,2019,87
New Zealand,NZL,OC,2020,88
New Zealand,NZL,OC,2021,88
New Zealand,NZL,OC,2022,87
Nicaragua,NIC,NA,2001,24
Nicaragua,NIC,NA,2002,25
Nicaragua,NIC,NA,2003,26
Nicaragua,NIC,NA,2004,27
Nicaragua,NIC,NA,2005,26
Nicaragua,NIC,NA,2006,26
Nicaragua,NIC,NA,2007,26
Nicaragua,NIC,NA,2008,25
Nicaragua,NIC,NA,2009,25
Nicaragua,NIC,NA,2010,25
Nicaragua,NIC,NA,2011,25
Nicaragua,NIC,NA,2012,29
Nicaragua,NIC,NA,2013,28
Nicaragua,NIC,NA,2014,28
Nicaragua,NIC,NA,2015,27
Nicaragua,NIC,NA,2016,26
Nicaragua,NIC,NA,2017,26
Nicaragua,NIC,NA,2018,25
Nicaragua,NIC,NA,2019,22
Nicaragua,NIC,NA,2020,22
Nicaragua,NIC,NA,2021,20
Nicaragua,NIC,NA,2022,19
Niger,NER,AF,2004,22
Niger,NER,AF,2005,24
Niger,NER,AF,2006,23
Niger,NER,AF,2007,26
Niger,NER,AF,2008,28
Niger,NER,AF,2009,25
Niger,NER,AF,2010,26
Niger,NER,AF,2011,25
Niger,NER,AF,2012,33
Niger,NER,AF,2013,34
Niger,NER,AF,2014,35
Niger,NER,AF,2015,34
Niger,NER,AF,2016,35
Niger,NER,AF,2017,33
Niger,NER,AF,2018,34
Niger,NER,AF,2019,32
Niger,NER,AF,2020,32
Niger,NER,AF,2021,31
Niger,NER,AF,2022,32
Nigeria,NGA,AF,2001,10
Nigeria,NGA,AF,2002,16
Nigeria,NGA,AF,2003,14
Nigeria,NGA,AF,2004,16
Nigeria,NGA,AF,2005,19
Nigeria,NGA,AF,2006,22
Nigeria,NGA,AF,2007,22
Nigeria,NGA,AF,2008,27
Nigeria,NGA,AF,2009,25
Nigeria,NGA,AF,2010,24
Nigeria,NGA,AF,2011,24
Nigeria,NGA,AF,2012,27
Nigeria,NGA,AF,2013,25
Nigeria,NGA,AF,2014,27
Nigeria,NGA,AF,2015,26
Nigeria,NGA,AF,2016,28
Nigeria,NGA,AF,2017,27
Nigeria,NGA,AF,2018,27
Nigeria,NGA,AF,2019,26
Nigeria,NGA,AF,2020,25
Nigeria,NGA,AF,2021,24
Nigeria,NGA,AF,2022,24
Norfolk Island,NFK,OC,2001,37
Norfolk Island,NFK,OC,2002,30
Norfolk Island,NFK,OC,2003,34
Norfolk Island,NFK,OC,2004,37
Norfolk Island,NFK,OC,2005,35
Norfolk Island,NFK,OC,2006,31
Norfolk Island,NFK,OC,2007,32
Norfolk Island,NFK,OC,2008,34
Norfolk Island,NFK,OC,2009,34
Norfolk Island,NFK,OC,2010,36
Norfolk Island,NFK,OC,2011,33
Norfolk Island,NFK,OC,2012,38
Norfolk Island,NFK,OC,2013,35
North Korea,PRK,AS,2012,8
North Korea,PRK,AS,2013,8
North Korea,PRK,AS,2014,8
North Korea,PRK,AS,2015,8
North Korea,PRK,AS,2016,12
North Korea,PRK,AS,2017,17
North Korea,PRK,AS,2018,14
North Korea,PRK,AS,2019,17
North Korea,PRK,AS,2020,18
North Korea,PRK,AS,2021,16
North Korea,PRK,AS,2022,17
North Macedonia,MKD,EU,2012,43
North Macedonia,MKD,EU,2013,44
North Macedonia,MKD,EU,2014,45
North Macedonia,MKD,EU,2015,42
North Macedonia,MKD,EU,2016,37
North Macedonia,MKD,EU,2017,35
North Macedonia,MKD,EU,2018,37
North Macedonia,MKD,EU,2019,35
North Macedonia,MKD,EU,2020,35
North Macedonia,MKD,EU,2021,39
North Macedonia,MKD,EU,2022,40
Norway,NOR,EU,2001,86
Norway,NOR,EU,2002,85
Norway,NOR,EU,2003,88
Norway,NOR,EU,2004,89
Norway,NOR,EU,2005,89
Norway,NOR,EU,2006,88
Norway,NOR,EU,2007,87
Norway,NOR,EU,2008,79
Norway,NOR,EU,2009,86
Norway,NOR,EU,2010,86
Norway,NOR,EU,2011,90
Norway,NOR,EU,2012,85
Norway,NOR,EU,2013,86
Norway,NOR,EU,2014,86
Norway,NOR,EU,2015,87
Norway,NOR,EU,2016,85
Norway,NOR,EU,2017,85
Norway,NOR,EU,2018,84
Norway,NOR,EU,2019,84
Norway,NOR,EU,2020,84
Norway,NOR,EU,2021,85
Norway,NOR,EU,2022,84
Oman,OMN,AS,2003,63
Oman,OMN,AS,2004,61
Oman,OMN,AS,2005,63
Oman,OMN,AS,2006,54
Oman,OMN,AS,2007,47
Oman,OMN,AS,2008,55
Oman,OMN,AS,2009,55
Oman,OMN,AS,2010,53
Oman,OMN,AS,2011,48
Oman,OMN,AS,2012,47
Oman,OMN,AS,2013,47
Oman,OMN,AS,2014,45
Oman,OMN,AS,2015,45
Oman,OMN,AS,2016,45
Oman,OMN,AS,2017,44
Oman,OMN,AS,2018,52
Oman,OMN,AS,2019,52
Oman,OMN,AS,2020,54
Oman,OMN,AS,2021,52
Oman,OMN,AS,2022,44
Pakistan,PAK,AS,2001,23
Pakistan,PAK,AS,2002,26
Pakistan,PAK,AS,2003,25
Pakistan,PAK,AS,2004,21
Pakistan,PAK,AS,2005,21
Pakistan,PAK,AS,2006,22
Pakistan,PAK,AS,2007,24
Pakistan,PAK,AS,2008,25
Pakistan,PAK,AS,2009,24
Pakistan,PAK,AS,2010,23
Pakistan,PAK,AS,2011,25
Pakistan,PAK,AS,2012,27
Pakistan,PAK,AS,2013,28
Pakistan,PAK,AS,2014,29
Pakistan,PAK,AS,2015,30
Pakistan,PAK,AS,2016,32
Pakistan,PAK,AS,2017,32
Pakistan,PAK,AS,2018,33
Pakistan,PAK,AS,2019,32
Pakistan,PAK,AS,2020,31
Pakistan,PAK,AS,2021,28
Pakistan,PAK,AS,2022,27
Palestine,PS,AS,2003,30
Palestine,PS,AS,2004,25
Palestine,PS,AS,2005,26
Panama,PAN,NA,2001,37
Panama,PAN,NA,2002,30
Panama,PAN,NA,2003,34
Panama,PAN,NA,2004,37
Panama,PAN,NA,2005,35
Panama,PAN,NA,2006,31
Panama,PAN,NA,2007,32
Panama,PAN,NA,2008,34
Panama,PAN,NA,2009,34
Panama,PAN,NA,2010,36
Panama,PAN,NA,2011,33
Panama,PAN,NA,2012,38
Panama,PAN,NA,2013,35
Panama,PAN,NA,2014,37
Panama,PAN,NA,2015,39
Panama,PAN,NA,2016,38
Panama,PAN,NA,2017,37
Panama,PAN,NA,2018,37
Panama,PAN,NA,2019,36
Panama,PAN,NA,2020,35
Panama,PAN,NA,2021,36
Panama,PAN,NA,2022,36
Papua New Guinea,PNG,OC,2003,21
Papua New Guinea,PNG,OC,2004,26
Papua New Guinea,PNG,OC,2005,23
Papua New Guinea,PNG,OC,2006,24
Papua New Guinea,PNG,OC,2007,20
Papua New Guinea,PNG,OC,2008,20
Papua New Guinea,PNG,OC,2009,21
Papua New Guinea,PNG,OC,2010,21
Papua New Guinea,PNG,OC,2011,22
Papua New Guinea,PNG,OC,2012,25
Papua New Guinea,PNG,OC,2013,25
Papua New Guinea,PNG,OC,2014,25
Papua New Guinea,PNG,OC,2015,25
Papua New Guinea,PNG,OC,2016,28
Papua New Guinea,PNG,OC,2017,29
Papua New Guinea,PNG,OC,2018,28
Papua New Guinea,PNG,OC,2019,28
Papua New Guinea,PNG,OC,2020,27
Papua New Guinea,PNG,OC,2021,31
Papua New Guinea,PNG,OC,2022,30
Paraguay,PRY,SA,2002,17
Paraguay,PRY,SA,2003,16
Paraguay,PRY,SA,2004,19
Paraguay,PRY,SA,2005,21
Paraguay,PRY,SA,2006,26
Paraguay,PRY,SA,2007,24
Paraguay,PRY,SA,2008,24
Paraguay,PRY,SA,2009,21
Paraguay,PRY,SA,2010,22
Paraguay,PRY,SA,2011,22
Paraguay,PRY,SA,2012,25
Paraguay,PRY,SA,2013,24
Paraguay,PRY,SA,2014,24
Paraguay,PRY,SA,2015,27
Paraguay,PRY,SA,2016,30
Paraguay,PRY,SA,2017,29
Paraguay,PRY,SA,2018,29
Paraguay,PRY,SA,2019,28
Paraguay,PRY,SA,2020,28
Paraguay,PRY,SA,2021,30
Paraguay,PRY,SA,2022,28
Peru,PER,SA,2001,41
Peru,PER,SA,2002,40
Peru,PER,SA,2003,37
Peru,PER,SA,2004,35
Peru,PER,SA,2005,35
Peru,PER,SA,2006,33
Peru,PER,SA,2007,35
Peru,PER,SA,2008,36
Peru,PER,SA,2009,37
Peru,PER,SA,2010,35
Peru,PER,SA,2011,34
Peru,PER,SA,2012,38
Peru,PER,SA,2013,38
Peru,PER,SA,2014,38
Peru,PER,SA,2015,36
Peru,PER,SA,2016,35
Peru,PER,SA,2017,37
Peru,PER,SA,2018,35
Peru,PER,SA,2019,36
Peru,PER,SA,2020,38
Peru,PER,SA,2021,36
Peru,PER,SA,2022,36
Philippines,PHL,AS,2001,29
Philippines,PHL,AS,2002,26
Philippines,PHL,AS,2003,25
Philippines,PHL,AS,2004,26
Philippines,PHL,AS,2005,25
Philippines,PHL,AS,2006,25
Philippines,PHL,AS,2007,25
Philippines,PHL,AS,2008,23
Philippines,PHL,AS,2009,24
Philippines,PHL,AS,2010,24
Philippines,PHL,AS,2011,26
Philippines,PHL,AS,2012,34
Philippines,PHL,AS,2013,36
Philippines,PHL,AS,2014,38
Philippines,PHL,AS,2015,35
Philippines,PHL,AS,2016,35
Philippines,PHL,AS,2017,34
Philippines,PHL,AS,2018,36
Philippines,PHL,AS,2019,34
Philippines,PHL,AS,2020,34
Philippines,PHL,AS,2021,33
Philippines,PHL,AS,2022,33
Poland,POL,EU,2001,41
Poland,POL,EU,2002,40
Poland,POL,EU,2003,36
Poland,POL,EU,2004,35
Poland,POL,EU,2005,34
Poland,POL,EU,2006,37
Poland,POL,EU,2007,42
Poland,POL,EU,2008,46
Poland,POL,EU,2009,50
Poland,POL,EU,2010,53
Poland,POL,EU,2011,55
Poland,POL,EU,2012,58
Poland,POL,EU,2013,60
Poland,POL,EU,2014,61
Poland,POL,EU,2015,62
Poland,POL,EU,2016,62
Poland,POL,EU,2017,60
Poland,POL,EU,2018,60
Poland,POL,EU,2019,58
Poland,POL,EU,2020,56
Poland,POL,EU,2021,56
Poland,POL,EU,2022,55
Portugal,PRT,EU,2001,63
Portugal,PRT,EU,2002,63
Portugal,PRT,EU,2003,66
Portugal,PRT,EU,2004,63
Portugal,PRT,EU,2005,65
Portugal,PRT,EU,2006,66
Portugal,PRT,EU,2007,65
Portugal,PRT,EU,2008,61
Portugal,PRT,EU,2009,58
Portugal,PRT,EU,2010,60
Portugal,PRT,EU,2011,61
Portugal,PRT,EU,2012,63
Portugal,PRT,EU,2013,62
Portugal,PRT,EU,2014,63
Portugal,PRT,EU,2015,63
Portugal,PRT,EU,2016,62
Portugal,PRT,EU,2017,63
Portugal,PRT,EU,2018,64
Portugal,PRT,EU,2019,62
Portugal,PRT,EU,2020,61
Portugal,PRT,EU,2021,62
Portugal,PRT,EU,2022,62
Puerto Rico,PRI,NA,2012,63
Puerto Rico,PRI,NA,2013,62
Puerto Rico,PRI,NA,2014,63
Qatar,QAT,AS,2003,56
Qatar,QAT,AS,2004,52
Qatar,QAT,AS,2005,59
Qatar,QAT,AS,2006,60
Qatar,QAT,AS,2007,60
Qatar,QAT,AS,2008,65
Qatar,QAT,AS,2009,70
Qatar,QAT,AS,2010,77
Qatar,QAT,AS,2011,72
Qatar,QAT,AS,2012,68
Qatar,QAT,AS,2013,68
Qatar,QAT,AS,2014,69
Qatar,QAT,AS,2015,71
Qatar,QAT,AS,2016,61
Qatar,QAT,AS,2017,63
Qatar,QAT,AS,2018,62
Qatar,QAT,AS,2019,62
Qatar,QAT,AS,2020,63
Qatar,QAT,AS,2021,63
Qatar,QAT,AS,2022,58
Republic of the Congo,COG,AF,2012,26
Republic of the Congo,COG,AF,2013,22
Republic of the Congo,COG,AF,2014,23
Republic of the Congo,COG,AF,2015,23
Republic of the Congo,COG,AF,2016,20
Republic of the Congo,COG,AF,2017,21
Republic of the Congo,COG,AF,2018,19
Republic of the Congo,COG,AF,2019,19
Republic of the Congo,COG,AF,2020,19
Republic of the Congo,COG,AF,2021,21
Republic of the Congo,COG,AF,2022,21
Romania,ROU,EU,2001,28
Romania,ROU,EU,2002,26
Romania,ROU,EU,2003,28
Romania,ROU,EU,2004,29
Romania,ROU,EU,2005,30
Romania,ROU,EU,2006,31
Romania,ROU,EU,2007,37
Romania,ROU,EU,2008,38
Romania,ROU,EU,2009,38
Romania,ROU,EU,2010,37
Romania,ROU,EU,2011,36
Romania,ROU,EU,2012,44
Romania,ROU,EU,2013,43
Romania,ROU,EU,2014,43
Romania,ROU,EU,2015,46
Romania,ROU,EU,2016,48
Romania,ROU,EU,2017,48
Romania,ROU,EU,2018,47
Romania,ROU,EU,2019,44
Romania,ROU,EU,2020,44
Romania,ROU,EU,2021,45
Romania,ROU,EU,2022,46
Russia,RUS,EU,2001,23
Russia,RUS,EU,2002,27
Russia,RUS,EU,2003,27
Russia,RUS,EU,2004,28
Russia,RUS,EU,2005,24
Russia,RUS,EU,2006,25
Russia,RUS,EU,2007,23
Russia,RUS,EU,2008,21
Russia,RUS,EU,2009,22
Russia,RUS,EU,2010,21
Russia,RUS,EU,2011,24
Russia,RUS,EU,2012,28
Russia,RUS,EU,2013,28
Russia,RUS,EU,2014,27
Russia,RUS,EU,2015,29
Russia,RUS,EU,2016,29
Russia,RUS,EU,2017,29
Russia,RUS,EU,2018,28
Russia,RUS,EU,2019,28
Russia,RUS,EU,2020,30
Russia,RUS,EU,2021,29
Russia,RUS,EU,2022,28
Rwanda,RWA,AF,2005,31
Rwanda,RWA,AF,2006,25
Rwanda,RWA,AF,2007,28
Rwanda,RWA,AF,2008,30
Rwanda,RWA,AF,2009,33
Rwanda,RWA,AF,2010,40
Rwanda,RWA,AF,2011,50
Rwanda,RWA,AF,2012,53
Rwanda,RWA,AF,2013,53
Rwanda,RWA,AF,2014,49
Rwanda,RWA,AF,2015,54
Rwanda,RWA,AF,2016,54
Rwanda,RWA,AF,2017,55
Rwanda,RWA,AF,2018,56
Rwanda,RWA,AF,2019,53
Rwanda,RWA,AF,2020,54
Rwanda,RWA,AF,2021,53
Rwanda,RWA,AF,2022,51
Saint Lucia,LCA,NA,2007,68
Saint Lucia,LCA,NA,2008,71
Saint Lucia,LCA,NA,2009,70
Saint Lucia,LCA,NA,2011,70
Saint Lucia,LCA,NA,2012,71
Saint Lucia,LCA,NA,2013,71
Saint Lucia,LCA,NA,2016,60
Saint Lucia,LCA,NA,2017,55
Saint Lucia,LCA,NA,2018,55
Saint Lucia,LCA,NA,2019,55
Saint Lucia,LCA,NA,2020,56
Saint Lucia,LCA,NA,2021,56
Saint Lucia,LCA,NA,2022,55
Saint Vincent and the Grenadines,VCT,NA,2007,61
Saint Vincent and the Grenadines,VCT,NA,2008,65
Saint Vincent and the Grenadines,VCT,NA,2009,64
Saint Vincent and the Grenadines,VCT,NA,2011,58
Saint Vincent and the Grenadines,VCT,NA,2012,62
Saint Vincent and the Grenadines,VCT,NA,2013,62
Saint Vincent and the Grenadines,VCT,NA,2014,67
Saint Vincent and the Grenadines,VCT,NA,2016,60
Saint Vincent and the Grenadines,VCT,NA,2017,58
Saint Vincent and the Grenadines,VCT,NA,2018,58
Saint Vincent and the Grenadines,VCT,NA,2020,59
Saint Vincent and the Grenadines,VCT,NA,2021,59
Saint Vincent and the Grenadines,VCT,NA,2022,60
Samoa,WSM,OC,2014,52
Sao Tome and Principe,STP,AF,2007,27
Sao Tome and Principe,STP,AF,2008,27
Sao Tome and Principe,STP,AF,2009,28
Sao Tome and Principe,STP,AF,2010,30
Sao Tome and Principe,STP,AF,2011,30
Sao Tome and Principe,STP,AF,2012,42
Sao Tome and Principe,STP,AF,2013,42
Sao Tome and Principe,STP,AF,2014,42
Sao Tome and Principe,STP,AF,2015,42
Sao Tome and Principe,STP,AF,2016,46
Sao Tome and Principe,STP,AF,2017,46
Sao Tome and Principe,STP,AF,2018,46
Sao Tome and Principe,STP,AF,2019,46
Sao Tome and Principe,STP,AF,2020,47
Sao Tome and Principe,STP,AF,2021,45
Sao Tome and Principe,STP,AF,2022,45
Saudi Arabia,SAU,AS,2003,45
Saudi Arabia,SAU,AS,2004,34
Saudi Arabia,SAU,AS,2005,34
Saudi Arabia,SAU,AS,2006,33
Saudi Arabia,SAU,AS,2007,34
Saudi Arabia,SAU,AS,2008,35
Saudi Arabia,SAU,AS,2009,43
Saudi Arabia,SAU,AS,2010,47
Saudi Arabia,SAU,AS,2011,43
Saudi Arabia,SAU,AS,2012,44
Saudi Arabia,SAU,AS,2013,46
Saudi Arabia,SAU,AS,2014,49
Saudi Arabia,SAU,AS,2015,52
Saudi Arabia,SAU,AS,2016,46
Saudi Arabia,SAU,AS,2017,49
Saudi Arabia,SAU,AS,2018,49
Saudi Arabia,SAU,AS,2019,53
Saudi Arabia,SAU,AS,2020,53
Saudi Arabia,SAU,AS,2021,53
Saudi Arabia,SAU,AS,2022,51
Senegal,SEN,AF,2001,29
Senegal,SEN,AF,2002,31
Senegal,SEN,AF,2003,32
Senegal,SEN,AF,2004,30
Senegal,SEN,AF,2005,32
Senegal,SEN,AF,2006,33
Senegal,SEN,AF,2007,36
Senegal,SEN,AF,2008,34
Senegal,SEN,AF,2009,30
Senegal,SEN,AF,2010,29
Senegal,SEN,AF,2011,29
Senegal,SEN,AF,2012,36
Senegal,SEN,AF,2013,41
Senegal,SEN,AF,2014,43
Senegal,SEN,AF,2015,44
Senegal,SEN,AF,2016,45
Senegal,SEN,AF,2017,45
Senegal,SEN,AF,2018,45
Senegal,SEN,AF,2019,45
Senegal,SEN,AF,2020,45
Senegal,SEN,AF,2021,43
Senegal,SEN,AF,2022,43
Serbia,SRB,EU,2003,23
Serbia,SRB,EU,2004,27
Serbia,SRB,EU,2005,28
Serbia,SRB,EU,2006,30
Serbia,SRB,EU,2007,34
Serbia,SRB,EU,2008,34
Serbia,SRB,EU,2009,35
Serbia,SRB,EU,2010,35
Serbia,SRB,EU,2011,33
Serbia,SRB,EU,2012,39
Serbia,SRB,EU,2013,42
Serbia,SRB,EU,2014,41
Serbia,SRB,EU,2015,40
Serbia,SRB,EU,2016,42
Serbia,SRB,EU,2017,41
Serbia,SRB,EU,2018,39
Serbia,SRB,EU,2019,39
Serbia,SRB,EU,2020,38
Serbia,SRB,EU,2021,38
Serbia,SRB,EU,2022,36
Seychelles,SYC,AF,2004,44
Seychelles,SYC,AF,2005,40
Seychelles,SYC,AF,2006,36
Seychelles,SYC,AF,2007,45
Seychelles,SYC,AF,2008,48
Seychelles,SYC,AF,2009,48
Seychelles,SYC,AF,2010,48
Seychelles,SYC,AF,2011,48
Seychelles,SYC,AF,2012,52
Seychelles,SYC,AF,2013,54
Seychelles,SYC,AF,2014,55
Seychelles,SYC,AF,2015,55
Seychelles,SYC,AF,2017,60
Seychelles,SYC,AF,2018,66
Seychelles,SYC,AF,2019,66
Seychelles,SYC,AF,2020,66
Seychelles,SYC,AF,2021,70
Seychelles,SYC,AF,2022,70
Sierra Leone,SLE,AF,2003,22
Sierra Leone,SLE,AF,2004,23
Sierra Leone,SLE,AF,2005,24
Sierra Leone,SLE,AF,2006,22
Sierra Leone,SLE,AF,2007,21
Sierra Leone,SLE,AF,2008,19
Sierra Leone,SLE,AF,2009,22
Sierra Leone,SLE,AF,2010,24
Sierra Leone,SLE,AF,2011,25
Sierra Leone,SLE,AF,2012,31
Sierra Leone,SLE,AF,2013,30
Sierra Leone,SLE,AF,2014,31
Sierra Leone,SLE,AF,2015,29
Sierra Leone,SLE,AF,2016,30
Sierra Leone,SLE,AF,2017,30
Sierra Leone,SLE,AF,2018,30
Sierra Leone,SLE,AF,2019,33
Sierra Leone,SLE,AF,2020,33
Sierra Leone,SLE,AF,2021,34
Sierra Leone,SLE,AF,2022,34
Singapore,SGP,AS,2001,92
Singapore,SGP,AS,2002,93
Singapore,SGP,AS,2003,94
Singapore,SGP,AS,2004,93
Singapore,SGP,AS,2005,94
Singapore,SGP,AS,2006,94
Singapore,SGP,AS,2007,93
Singapore,SGP,AS,2008,92
Singapore,SGP,AS,2009,92
Singapore,SGP,AS,2010,93
Singapore,SGP,AS,2011,92
Singapore,SGP,AS,2012,87
Singapore,SGP,AS,2013,86
Singapore,SGP,AS,2014,84
Singapore,SGP,AS,2015,85
Singapore,SGP,AS,2016,84
Singapore,SGP,AS,2017,84
Singapore,SGP,AS,2018,85
Singapore,SGP,AS,2019,85
Singapore,SGP,AS,2020,85
Singapore,SGP,AS,2021,85
Singapore,SGP,AS,2022,83
Slovakia,SVK,EU,2001,37
Slovakia,SVK,EU,2002,37
Slovakia,SVK,EU,2003,37
Slovakia,SVK,EU,2004,40
Slovakia,SVK,EU,2005,43
Slovakia,SVK,EU,2006,47
Slovakia,SVK,EU,2007,49
Slovakia,SVK,EU,2008,50
Slovakia,SVK,EU,2009,45
Slovakia,SVK,EU,2010,43
Slovakia,SVK,EU,2011,40
Slovakia,SVK,EU,2012,46
Slovakia,SVK,EU,2013,47
Slovakia,SVK,EU,2014,50
Slovakia,SVK,EU,2015,51
Slovakia,SVK,EU,2016,51
Slovakia,SVK,EU,2017,50
Slovakia,SVK,EU,2018,50
Slovakia,SVK,EU,2019,50
Slovakia,SVK,EU,2020,49
Slovakia,SVK,EU,2021,52
Slovakia,SVK,EU,2022,53
Slovenia,SVN,EU,2001,52
Slovenia,SVN,EU,2002,60
Slovenia,SVN,EU,2003,59
Slovenia,SVN,EU,2004,60
Slovenia,SVN,EU,2005,61
Slovenia,SVN,EU,2006,64
Slovenia,SVN,EU,2007,66
Slovenia,SVN,EU,2008,67
Slovenia,SVN,EU,2009,66
Slovenia,SVN,EU,2010,64
Slovenia,SVN,EU,2011,59
Slovenia,SVN,EU,2012,61
Slovenia,SVN,EU,2013,57
Slovenia,SVN,EU,2014,58
Slovenia,SVN,EU,2015,60
Slovenia,SVN,EU,2016,61
Slovenia,SVN,EU,2017,61
Slovenia,SVN,EU,2018,60
Slovenia,SVN,EU,2019,60
Slovenia,SVN,EU,2020,60
Slovenia,SVN,EU,2021,57
Slovenia,SVN,EU,2022,56
Solomon Islands,SLB,OC,2007,28
Solomon Islands,SLB,OC,2008,29
Solomon Islands,SLB,OC,2009,28
Solomon Islands,SLB,OC,2010,28
Solomon Islands,SLB,OC,2011,27
Solomon Islands,SLB,OC,2016,42
Solomon Islands,SLB,OC,2017,39
Solomon Islands,SLB,OC,2018,44
Solomon Islands,SLB,OC,2019,42
Solomon Islands,SLB,OC,2020,42
Solomon Islands,SLB,OC,2021,43
Solomon Islands,SLB,OC,2022,42
Somalia,SOM,AF,2005,21
Somalia,SOM,AF,2007,14
Somalia,SOM,AF,2008,10
Somalia,SOM,AF,2009,11
Somalia,SOM,AF,2010,11
Somalia,SOM,AF,2011,10
Somalia,SOM,AF,2012,8
Somalia,SOM,AF,2013,8
Somalia,SOM,AF,2014,8
Somalia,SOM,AF,2015,8
Somalia,SOM,AF,2016,10
Somalia,SOM,AF,2017,9
Somalia,SOM,AF,2018,10
Somalia,SOM,AF,2019,9
Somalia,SOM,AF,2020,12
Somalia,SOM,AF,2021,13
Somalia,SOM,AF,2022,12
South Africa,ZAF,AF,2001,48
South Africa,ZAF,AF,2002,48
South Africa,ZAF,AF,2003,44
South Africa,ZAF,AF,2004,46
South Africa,ZAF,AF,2005,45
South Africa,ZAF,AF,2006,46
South Africa,ZAF,AF,2007,51
South Africa,ZAF,AF,2008,49
South Africa,ZAF,AF,2009,47
South Africa,ZAF,AF,2010,45
South Africa,ZAF,AF,2011,43
South Africa,ZAF,AF,2013,42
South Africa,ZAF,AF,2014,44
South Africa,ZAF,AF,2015,44
South Africa,ZAF,AF,2016,45
South Africa,ZAF,AF,2017,43
South Africa,ZAF,AF,2018,43
South Africa,ZAF,AF,2019,44
South Africa,ZAF,AF,2020,44
South Africa,ZAF,AF,2021,44
South Africa,ZAF,AF,2022,43
South Korea,KOR,AS,2001,42
South Korea,KOR,AS,2002,45
South Korea,KOR,AS,2003,43
South Korea,KOR,AS,2004,45
South Korea,KOR,AS,2005,50
South Korea,KOR,AS,2006,51
South Korea,KOR,AS,2007,51
South Korea,KOR,AS,2008,56
South Korea,KOR,AS,2012,56
South Korea,KOR,AS,2013,55
South Korea,KOR,AS,2014,55
South Korea,KOR,AS,2015,56
South Korea,KOR,AS,2016,53
South Korea,KOR,AS,2017,54
South Korea,KOR,AS,2018,57
South Korea,KOR,AS,2019,59
South Korea,KOR,AS,2020,61
South Korea,KOR,AS,2021,62
South Korea,KOR,AS,2022,63
Spain,ESP,EU,2001,70
Spain,ESP,EU,2002,71
Spain,ESP,EU,2003,69
Spain,ESP,EU,2004,71
Spain,ESP,EU,2005,70
Spain,ESP,EU,2006,68
Spain,ESP,EU,2007,67
Spain,ESP,EU,2008,65
Spain,ESP,EU,2009,61
Spain,ESP,EU,2010,61
Spain,ESP,EU,2011,62
Spain,ESP,EU,2012,65
Spain,ESP,EU,2013,59
Spain,ESP,EU,2014,60
Spain,ESP,EU,2015,58
Spain,ESP,EU,2016,58
Spain,ESP,EU,2017,57
Spain,ESP,EU,2018,58
Spain,ESP,EU,2019,62
Spain,ESP,EU,2020,62
Spain,ESP,EU,2021,61
Spain,ESP,EU,2022,60
Sri Lanka,LKA,AS,2002,37
Sri Lanka,LKA,AS,2003,34
Sri Lanka,LKA,AS,2004,35
Sri Lanka,LKA,AS,2005,32
Sri Lanka,LKA,AS,2006,31
Sri Lanka,LKA,AS,2007,32
Sri Lanka,LKA,AS,2008,32
Sri Lanka,LKA,AS,2009,31
Sri Lanka,LKA,AS,2010,32
Sri Lanka,LKA,AS,2011,33
Sri Lanka,LKA,AS,2012,40
Sri Lanka,LKA,AS,2013,37
Sri Lanka,LKA,AS,2014,38
Sri Lanka,LKA,AS,2015,37
Sri Lanka,LKA,AS,2016,36
Sri Lanka,LKA,AS,2017,38
Sri Lanka,LKA,AS,2018,38
Sri Lanka,LKA,AS,2019,38
Sri Lanka,LKA,AS,2020,38
Sri Lanka,LKA,AS,2021,37
Sri Lanka,LKA,AS,2022,36
Sudan,SDN,AF,2003,23
Sudan,SDN,AF,2004,22
Sudan,SDN,AF,2005,21
Sudan,SDN,AF,2006,20
Sudan,SDN,AF,2007,18
Sudan,SDN,AF,2008,16
Sudan,SDN,AF,2009,15
Sudan,SDN,AF,2010,16
Sudan,SDN,AF,2011,16
Sudan,SDN,AF,2012,13
Sudan,SDN,AF,2013,11
Sudan,SDN,AF,2014,11
Sudan,SDN,AF,2015,12
Sudan,SDN,AF,2016,14
Sudan,SDN,AF,2017,16
Sudan,SDN,AF,2018,16
Sudan,SDN,AF,2019,16
Sudan,SDN,AF,2020,16
Sudan,SDN,AF,2021,20
Sudan,SDN,AF,2022,22
Suriname,SUR,SA,2005,32
Suriname,SUR,SA,2006,30
Suriname,SUR,SA,2007,35
Suriname,SUR,SA,2008,36
Suriname,SUR,SA,2009,37
Suriname,SUR,SA,2011,30
Suriname,SUR,SA,2012,37
Suriname,SUR,SA,2013,36
Suriname,SUR,SA,2014,36
Suriname,SUR,SA,2015,36
Suriname,SUR,SA,2016,45
Suriname,SUR,SA,2017,41
Suriname,SUR,SA,2018,43
Suriname,SUR,SA,2019,44
Suriname,SUR,SA,2020,38
Suriname,SUR,SA,2021,39
Suriname,SUR,SA,2022,40
Swaziland,SWZ,AF,2005,27
Swaziland,SWZ,AF,2006,25
Swaziland,SWZ,AF,2007,33
Swaziland,SWZ,AF,2008,36
Swaziland,SWZ,AF,2009,36
Swaziland,SWZ,AF,2010,32
Swaziland,SWZ,AF,2011,31
Swaziland,SWZ,AF,2012,37
Swaziland,SWZ,AF,2013,39
Swaziland,SWZ,AF,2014,43
Swaziland,SWZ,AF,2017,39
Swaziland,SWZ,AF,2018,38
Swaziland,SWZ,AF,2019,34
Swaziland,SWZ,AF,2020,33
Swaziland,SWZ,AF,2021,32
Swaziland,SWZ,AF,2022,30
Sweden,SWE,EU,2001,90
Sweden,SWE,EU,2002,93
Sweden,SWE,EU,2003,93
Sweden,SWE,EU,2004,92
Sweden,SWE,EU,2005,92
Sweden,SWE,EU,2006,92
Sweden,SWE,EU,2007,93
Sweden,SWE,EU,2008,93
Sweden,SWE,EU,2009,92
Sweden,SWE,EU,2010,92
Sweden,SWE,EU,2011,93
Sweden,SWE,EU,2012,88
Sweden,SWE,EU,2013,89
Sweden,SWE,EU,2014,87
Sweden,SWE,EU,2015,89
Sweden,SWE,EU,2016,88
Sweden,SWE,EU,2017,84
Sweden,SWE,EU,2018,85
Sweden,SWE,EU,2019,85
Sweden,SWE,EU,2020,85
Sweden,SWE,EU,2021,85
Sweden,SWE,EU,2022,83
Switzerland,CHE,EU,2001,84
Switzerland,CHE,EU,2002,85
Switzerland,CHE,EU,2003,88
Switzerland,CHE,EU,2004,91
Switzerland,CHE,EU,2005,91
Switzerland,CHE,EU,2006,91
Switzerland,CHE,EU,2007,90
Switzerland,CHE,EU,2008,90
Switzerland,CHE,EU,2009,90
Switzerland,CHE,EU,2010,87
Switzerland,CHE,EU,2011,88
Switzerland,CHE,EU,2012,86
Switzerland,CHE,EU,2013,85
Switzerland,CHE,EU,2014,86
Switzerland,CHE,EU,2015,86
Switzerland,CHE,EU,2016,86
Switzerland,CHE,EU,2017,85
Switzerland,CHE,EU,2018,85
Switzerland,CHE,EU,2019,85
Switzerland,CHE,EU,2020,85
Switzerland,CHE,EU,2021,84
Switzerland,CHE,EU,2022,82
Syria,SYR,AS,2003,34
Syria,SYR,AS,2004,34
Syria,SYR,AS,2005,34
Syria,SYR,AS,2006,29
Syria,SYR,AS,2007,24
Syria,SYR,AS,2008,21
Syria,SYR,AS,2009,26
Syria,SYR,AS,2010,25
Syria,SYR,AS,2011,26
Syria,SYR,AS,2012,26
Syria,SYR,AS,2013,17
Syria,SYR,AS,2014,20
Syria,SYR,AS,2015,18
Syria,SYR,AS,2016,13
Syria,SYR,AS,2017,14
Syria,SYR,AS,2018,13
Syria,SYR,AS,2019,13
Syria,SYR,AS,2020,14
Syria,SYR,AS,2021,13
Syria,SYR,AS,2022,13
Taiwan,TWN,AS,2001,59
Taiwan,TWN,AS,2002,56
Taiwan,TWN,AS,2003,57
Taiwan,TWN,AS,2004,56
Taiwan,TWN,AS,2005,59
Taiwan,TWN,AS,2006,59
Taiwan,TWN,AS,2007,57
Taiwan,TWN,AS,2008,57
Taiwan,TWN,AS,2009,56
Taiwan,TWN,AS,2010,58
Taiwan,TWN,AS,2011,61
Taiwan,TWN,AS,2012,61
Taiwan,TWN,AS,2013,61
Taiwan,TWN,AS,2014,61
Taiwan,TWN,AS,2015,62
Taiwan,TWN,AS,2016,61
Taiwan,TWN,AS,2017,63
Taiwan,TWN,AS,2018,63
Taiwan,TWN,AS,2019,65
Taiwan,TWN,AS,2020,65
Taiwan,TWN,AS,2021,68
Taiwan,TWN,AS,2022,68
Tajikistan,TJK,AS,2005,21
Tajikistan,TJK,AS,2006,22
Tajikistan,TJK,AS,2007,21
Tajikistan,TJK,AS,2009,20
Tajikistan,TJK,AS,2010,21
Tajikistan,TJK,AS,2011,23
Tajikistan,TJK,AS,2012,22
Tajikistan,TJK,AS,2013,22
Tajikistan,TJK,AS,2014,23
Tajikistan,TJK,AS,2015,26
Tajikistan,TJK,AS,2016,25
Tajikistan,TJK,AS,2017,21
Tajikistan,TJK,AS,2018,25
Tajikistan,TJK,AS,2019,25
Tajikistan,TJK,AS,2020,25
Tajikistan,TJK,AS,2021,25
Tajikistan,TJK,AS,2022,24
Tanzania,TZA,AF,2001,22
Tanzania,TZA,AF,2002,27
Tanzania,TZA,AF,2003,25
Tanzania,TZA,AF,2004,28
Tanzania,TZA,AF,2005,29
Tanzania,TZA,AF,2006,29
Tanzania,TZA,AF,2007,32
Tanzania,TZA,AF,2008,30
Tanzania,TZA,AF,2009,26
Tanzania,TZA,AF,2010,27
Tanzania,TZA,AF,2011,30
Tanzania,TZA,AF,2012,35
Tanzania,TZA,AF,2013,33
Tanzania,TZA,AF,2014,31
Tanzania,TZA,AF,2015,30
Tanzania,TZA,AF,2016,32
Tanzania,TZA,AF,2017,36
Tanzania,TZA,AF,2018,36
Tanzania,TZA,AF,2019,37
Tanzania,TZA,AF,2020,38
Tanzania,TZA,AF,2021,39
Tanzania,TZA,AF,2022,38
Thailand,THA,AS,2001,32
Thailand,THA,AS,2002,32
Thailand,THA,AS,2003,33
Thailand,THA,AS,2004,36
Thailand,THA,AS,2005,38
Thailand,THA,AS,2006,36
Thailand,THA,AS,2007,33
Thailand,THA,AS,2008,35
Thailand,THA,AS,2009,34
Thailand,THA,AS,2010,35
Thailand,THA,AS,2011,34
Thailand,THA,AS,2012,37
Thailand,THA,AS,2013,35
Thailand,THA,AS,2014,38
Thailand,THA,AS,2015,38
Thailand,THA,AS,2016,35
Thailand,THA,AS,2017,37
Thailand,THA,AS,2018,36
Thailand,THA,AS,2019,36
Thailand,THA,AS,2020,36
Thailand,THA,AS,2021,35
Thailand,THA,AS,2022,36
Togo,TGO,AF,2007,23
Togo,TGO,AF,2008,27
Togo,TGO,AF,2009,28
Togo,TGO,AF,2010,24
Togo,TGO,AF,2011,24
Togo,TGO,AF,2012,30
Togo,TGO,AF,2013,29
Togo,TGO,AF,2014,29
Togo,TGO,AF,2015,32
Togo,TGO,AF,2016,32
Togo,TGO,AF,2017,32
Togo,TGO,AF,2018,30
Togo,TGO,AF,2019,29
Togo,TGO,AF,2020,29
Togo,TGO,AF,2021,30
Togo,TGO,AF,2022,42
Tonga,TON,OC,2022,30
Trinidad and Tobago,TTO,NA,2001,53
Trinidad and Tobago,TTO,NA,2002,49
Trinidad and Tobago,TTO,NA,2003,46
Trinidad and Tobago,TTO,NA,2004,42
Trinidad and Tobago,TTO,NA,2005,38
Trinidad and Tobago,TTO,NA,2006,32
Trinidad and Tobago,TTO,NA,2007,34
Trinidad and Tobago,TTO,NA,2008,36
Trinidad and Tobago,TTO,NA,2009,36
Trinidad and Tobago,TTO,NA,2010,36
Trinidad and Tobago,TTO,NA,2011,32
Trinidad and Tobago,TTO,NA,2012,39
Trinidad and Tobago,TTO,NA,2013,38
Trinidad and Tobago,TTO,NA,2014,38
Trinidad and Tobago,TTO,NA,2015,39
Trinidad and Tobago,TTO,NA,2016,35
Trinidad and Tobago,TTO,NA,2017,41
Trinidad and Tobago,TTO,NA,2018,41
Trinidad and Tobago,TTO,NA,2019,40
Trinidad and Tobago,TTO,NA,2020,40
Trinidad and Tobago,TTO,NA,2021,41
Trinidad and Tobago,TTO,NA,2022,42
Tunisia,TUN,AF,2001,53
Tunisia,TUN,AF,2002,48
Tunisia,TUN,AF,2003,49
Tunisia,TUN,AF,2004,50
Tunisia,TUN,AF,2005,49
Tunisia,TUN,AF,2006,46
Tunisia,TUN,AF,2007,42
Tunisia,TUN,AF,2008,44
Tunisia,TUN,AF,2009,42
Tunisia,TUN,AF,2010,43
Tunisia,TUN,AF,2011,38
Tunisia,TUN,AF,2012,41
Tunisia,TUN,AF,2013,41
Tunisia,TUN,AF,2014,40
Tunisia,TUN,AF,2015,38
Tunisia,TUN,AF,2016,41
Tunisia,TUN,AF,2017,42
Tunisia,TUN,AF,2018,43
Tunisia,TUN,AF,2019,43
Tunisia,TUN,AF,2020,44
Tunisia,TUN,AF,2021,44
Tunisia,TUN,AF,2022,40
Turkey,TUR,EU,2001,36
Turkey,TUR,EU,2002,32
Turkey,TUR,EU,2003,31
Turkey,TUR,EU,2004,32
Turkey,TUR,EU,2005,35
Turkey,TUR,EU,2006,38
Turkey,TUR,EU,2007,41
Turkey,TUR,EU,2008,46
Turkey,TUR,EU,2009,44
Turkey,TUR,EU,2010,44
Turkey,TUR,EU,2011,42
Turkey,TUR,EU,2012,49
Turkey,TUR,EU,2013,50
Turkey,TUR,EU,2014,45
Turkey,TUR,EU,2015,42
Turkey,TUR,EU,2016,41
Turkey,TUR,EU,2017,40
Turkey,TUR,EU,2018,41
Turkey,TUR,EU,2019,39
Turkey,TUR,EU,2020,40
Turkey,TUR,EU,2021,38
Turkey,TUR,EU,2022,36
Turkmenistan,TKM,AS,2004,20
Turkmenistan,TKM,AS,2005,18
Turkmenistan,TKM,AS,2006,22
Turkmenistan,TKM,AS,2007,20
Turkmenistan,TKM,AS,2008,18
Turkmenistan,TKM,AS,2009,18
Turkmenistan,TKM,AS,2010,16
Turkmenistan,TKM,AS,2011,16
Turkmenistan,TKM,AS,2012,17
Turkmenistan,TKM,AS,2013,17
Turkmenistan,TKM,AS,2014,17
Turkmenistan,TKM,AS,2015,18
Turkmenistan,TKM,AS,2016,22
Turkmenistan,TKM,AS,2017,19
Turkmenistan,TKM,AS,2018,20
Turkmenistan,TKM,AS,2019,19
Turkmenistan,TKM,AS,2020,19
Turkmenistan,TKM,AS,2021,19
Turkmenistan,TKM,AS,2022,19
Uganda,UGA,AF,2001,19
Uganda,UGA,AF,2002,21
Uganda,UGA,AF,2003,22
Uganda,UGA,AF,2004,26
Uganda,UGA,AF,2005,25
Uganda,UGA,AF,2006,27
Uganda,UGA,AF,2007,28
Uganda,UGA,AF,2008,26
Uganda,UGA,AF,2009,25
Uganda,UGA,AF,2010,25
Uganda,UGA,AF,2011,24
Uganda,UGA,AF,2012,29
Uganda,UGA,AF,2013,26
Uganda,UGA,AF,2014,26
Uganda,UGA,AF,2015,25
Uganda,UGA,AF,2016,25
Uganda,UGA,AF,2017,26
Uganda,UGA,AF,2018,26
Uganda,UGA,AF,2019,28
Uganda,UGA,AF,2020,27
Uganda,UGA,AF,2021,27
Uganda,UGA,AF,2022,26
Ukraine,UKR,EU,2001,21
Ukraine,UKR,EU,2002,24
Ukraine,UKR,EU,2003,23
Ukraine,UKR,EU,2004,22
Ukraine,UKR,EU,2005,26
Ukraine,UKR,EU,2006,28
Ukraine,UKR,EU,2007,27
Ukraine,UKR,EU,2008,25
Ukraine,UKR,EU,2009,22
Ukraine,UKR,EU,2010,24
Ukraine,UKR,EU,2011,23
Ukraine,UKR,EU,2012,26
Ukraine,UKR,EU,2013,25
Ukraine,UKR,EU,2014,26
Ukraine,UKR,EU,2015,27
Ukraine,UKR,EU,2016,29
Ukraine,UKR,EU,2017,30
Ukraine,UKR,EU,2018,32
Ukraine,UKR,EU,2019,30
Ukraine,UKR,EU,2020,33
Ukraine,UKR,EU,2021,32
Ukraine,UKR,EU,2022,33
United Arab Emirates,ARE,AS,2003,52
United Arab Emirates,ARE,AS,2004,61
United Arab Emirates,ARE,AS,2005,62
United Arab Emirates,ARE,AS,2006,62
United Arab Emirates,ARE,AS,2007,57
United Arab Emirates,ARE,AS,2008,59
United Arab Emirates,ARE,AS,2009,65
United Arab Emirates,ARE,AS,2010,63
United Arab Emirates,ARE,AS,2011,68
United Arab Emirates,ARE,AS,2012,68
United Arab Emirates,ARE,AS,2013,69
United Arab Emirates,ARE,AS,2014,70
United Arab Emirates,ARE,AS,2015,70
United Arab Emirates,ARE,AS,2016,66
United Arab Emirates,ARE,AS,2017,71
United Arab Emirates,ARE,AS,2018,70
United Arab Emirates,ARE,AS,2019,71
United Arab Emirates,ARE,AS,2020,71
United Arab Emirates,ARE,AS,2021,69
United Arab Emirates,ARE,AS,2022,67
United Kingdom,GBR,EU,2001,83
United Kingdom,GBR,EU,2002,87
United Kingdom,GBR,EU,2003,87
United Kingdom,GBR,EU,2004,86
United Kingdom,GBR,EU,2005,86
United Kingdom,GBR,EU,2006,86
United Kingdom,GBR,EU,2007,84
United Kingdom,GBR,EU,2008,77
United Kingdom,GBR,EU,2009,77
United Kingdom,GBR,EU,2010,76
United Kingdom,GBR,EU,2011,78
United Kingdom,GBR,EU,2012,74
United Kingdom,GBR,EU,2013,76
United Kingdom,GBR,EU,2014,78
United Kingdom,GBR,EU,2015,81
United Kingdom,GBR,EU,2016,81
United Kingdom,GBR,EU,2017,82
United Kingdom,GBR,EU,2018,80
United Kingdom,GBR,EU,2019,77
United Kingdom,GBR,EU,2020,77
United Kingdom,GBR,EU,2021,78
United Kingdom,GBR,EU,2022,73
Uruguay,URY,SA,2001,51
Uruguay,URY,SA,2002,51
Uruguay,URY,SA,2003,55
Uruguay,URY,SA,2004,62
Uruguay,URY,SA,2005,59
Uruguay,URY,SA,2006,64
Uruguay,URY,SA,2007,67
Uruguay,URY,SA,2008,69
Uruguay,URY,SA,2009,67
Uruguay,URY,SA,2010,69
Uruguay,URY,SA,2011,70
Uruguay,URY,SA,2012,72
Uruguay,URY,SA,2013,73
Uruguay,URY,SA,2014,73
Uruguay,URY,SA,2015,74
Uruguay,URY,SA,2016,71
Uruguay,URY,SA,2017,70
Uruguay,URY,SA,2018,70
Uruguay,URY,SA,2019,71
Uruguay,URY,SA,2020,71
Uruguay,URY,SA,2021,73
Uruguay,URY,SA,2022,74
USA,USA,NA,2001,76
USA,USA,NA,2002,77
USA,USA,NA,2003,75
USA,USA,NA,2004,75
USA,USA,NA,2005,76
USA,USA,NA,2006,73
USA,USA,NA,2007,72
USA,USA,NA,2008,73
USA,USA,NA,2009,73
USA,USA,NA,2010,71
USA,USA,NA,2011,71
USA,USA,NA,2012,73
USA,USA,NA,2013,73
USA,USA,NA,2014,74
USA,USA,NA,2015,76
USA,USA,NA,2016,74
USA,USA,NA,2017,75
USA,USA,NA,2018,71
USA,USA,NA,2019,69
USA,USA,NA,2020,67
USA,USA,NA,2021,67
USA,USA,NA,2022,69
Uzbekistan,UZB,AS,2001,27
Uzbekistan,UZB,AS,2002,29
Uzbekistan,UZB,AS,2003,24
Uzbekistan,UZB,AS,2004,23
Uzbekistan,UZB,AS,2005,22
Uzbekistan,UZB,AS,2006,21
Uzbekistan,UZB,AS,2007,17
Uzbekistan,UZB,AS,2008,18
Uzbekistan,UZB,AS,2009,17
Uzbekistan,UZB,AS,2010,16
Uzbekistan,UZB,AS,2011,16
Uzbekistan,UZB,AS,2012,17
Uzbekistan,UZB,AS,2013,17
Uzbekistan,UZB,AS,2014,18
Uzbekistan,UZB,AS,2015,19
Uzbekistan,UZB,AS,2016,21
Uzbekistan,UZB,AS,2017,22
Uzbekistan,UZB,AS,2018,23
Uzbekistan,UZB,AS,2019,25
Uzbekistan,UZB,AS,2020,26
Uzbekistan,UZB,AS,2021,28
Uzbekistan,UZB,AS,2022,31
Vanuatu,VUT,OC,2007,31
Vanuatu,VUT,OC,2008,29
Vanuatu,VUT,OC,2009,32
Vanuatu,VUT,OC,2010,36
Vanuatu,VUT,OC,2011,35
Vanuatu,VUT,OC,2017,43
Vanuatu,VUT,OC,2018,46
Vanuatu,VUT,OC,2019,46
Vanuatu,VUT,OC,2020,43
Vanuatu,VUT,OC,2021,45
Vanuatu,VUT,OC,2022,48
Venezuela,VEN,SA,2001,28
Venezuela,VEN,SA,2002,25
Venezuela,VEN,SA,2003,24
Venezuela,VEN,SA,2004,23
Venezuela,VEN,SA,2005,23
Venezuela,VEN,SA,2006,23
Venezuela,VEN,SA,2007,20
Venezuela,VEN,SA,2008,19
Venezuela,VEN,SA,2009,19
Venezuela,VEN,SA,2010,20
Venezuela,VEN,SA,2011,19
Venezuela,VEN,SA,2012,19
Venezuela,VEN,SA,2013,20
Venezuela,VEN,SA,2014,19
Venezuela,VEN,SA,2015,17
Venezuela,VEN,SA,2016,17
Venezuela,VEN,SA,2017,18
Venezuela,VEN,SA,2018,18
Venezuela,VEN,SA,2019,16
Venezuela,VEN,SA,2020,15
Venezuela,VEN,SA,2021,14
Venezuela,VEN,SA,2022,14
Vietnam,VNM,AS,2001,26
Vietnam,VNM,AS,2002,24
Vietnam,VNM,AS,2003,24
Vietnam,VNM,AS,2004,26
Vietnam,VNM,AS,2005,26
Vietnam,VNM,AS,2006,26
Vietnam,VNM,AS,2007,26
Vietnam,VNM,AS,2008,27
Vietnam,VNM,AS,2009,27
Vietnam,VNM,AS,2010,27
Vietnam,VNM,AS,2011,29
Vietnam,VNM,AS,2012,31
Vietnam,VNM,AS,2013,31
Vietnam,VNM,AS,2014,31
Vietnam,VNM,AS,2015,31
Vietnam,VNM,AS,2016,33
Vietnam,VNM,AS,2017,35
Vietnam,VNM,AS,2018,33
Vietnam,VNM,AS,2019,37
Vietnam,VNM,AS,2020,36
Vietnam,VNM,AS,2021,39
Vietnam,VNM,AS,2022,42
Yemen,YEM,AS,2003,26
Yemen,YEM,AS,2004,24
Yemen,YEM,AS,2005,27
Yemen,YEM,AS,2006,26
Yemen,YEM,AS,2007,25
Yemen,YEM,AS,2008,23
Yemen,YEM,AS,2009,21
Yemen,YEM,AS,2010,22
Yemen,YEM,AS,2011,21
Yemen,YEM,AS,2012,23
Yemen,YEM,AS,2013,18
Yemen,YEM,AS,2014,19
Yemen,YEM,AS,2015,18
Yemen,YEM,AS,2016,14
Yemen,YEM,AS,2017,16
Yemen,YEM,AS,2018,14
Yemen,YEM,AS,2019,15
Yemen,YEM,AS,2020,15
Yemen,YEM,AS,2021,16
Yemen,YEM,AS,2022,16
Zambia,ZMB,AF,2001,26
Zambia,ZMB,AF,2002,26
Zambia,ZMB,AF,2003,25
Zambia,ZMB,AF,2004,26
Zambia,ZMB,AF,2005,26
Zambia,ZMB,AF,2006,26
Zambia,ZMB,AF,2007,26
Zambia,ZMB,AF,2008,28
Zambia,ZMB,AF,2009,30
Zambia,ZMB,AF,2010,30
Zambia,ZMB,AF,2011,32
Zambia,ZMB,AF,2012,37
Zambia,ZMB,AF,2013,38
Zambia,ZMB,AF,2014,38
Zambia,ZMB,AF,2015,38
Zambia,ZMB,AF,2016,38
Zambia,ZMB,AF,2017,37
Zambia,ZMB,AF,2018,35
Zambia,ZMB,AF,2019,34
Zambia,ZMB,AF,2020,33
Zambia,ZMB,AF,2021,33
Zambia,ZMB,AF,2022,33
Zimbabwe,ZWE,AF,2001,29
Zimbabwe,ZWE,AF,2002,27
Zimbabwe,ZWE,AF,2003,23
Zimbabwe,ZWE,AF,2004,23
Zimbabwe,ZWE,AF,2005,26
Zimbabwe,ZWE,AF,2006,24
Zimbabwe,ZWE,AF,2007,21
Zimbabwe,ZWE,AF,2008,18
Zimbabwe,ZWE,AF,2009,22
Zimbabwe,ZWE,AF,2010,24
Zimbabwe,ZWE,AF,2011,22
Zimbabwe,ZWE,AF,2012,20
Zimbabwe,ZWE,AF,2013,21
Zimbabwe,ZWE,AF,2014,21
Zimbabwe,ZWE,AF,2015,21
Zimbabwe,ZWE,AF,2016,22
Zimbabwe,ZWE,AF,2017,22
Zimbabwe,ZWE,AF,2018,22
Zimbabwe,ZWE,AF,2019,24
Zimbabwe,ZWE,AF,2020,24
Zimbabwe,ZWE,AF,2021,23
Zimbabwe,ZWE,AF,2022,23
