Country,Code,ContinentCode,Year,Gini income inequality index
Albania,ALB,EU,1996,27
Albania,ALB,EU,2002,31.7
Albania,ALB,EU,2005,30.6
Albania,ALB,EU,2008,30
Albania,ALB,EU,2012,29
Albania,ALB,EU,2014,34.6
Albania,ALB,EU,2015,32.8
Albania,ALB,EU,2016,33.7
Albania,ALB,EU,2017,33.1
Albania,ALB,EU,2018,30.1
Albania,ALB,EU,2019,30.1
Albania,ALB,EU,2020,29.4
Algeria,DZA,AF,1988,40.2
Algeria,DZA,AF,1995,35.3
Algeria,DZA,AF,2011,27.6
Angola,AGO,AF,2000,52
Angola,AGO,AF,2008,42.7
Angola,AGO,AF,2018,51.3
Argentina,ARG,SA,1980,40.8
Argentina,ARG,SA,1986,42.8
Argentina,ARG,SA,1987,45.3
Argentina,ARG,SA,1991,46.8
Argentina,ARG,SA,1992,45.5
Argentina,ARG,SA,1993,44.9
Argentina,ARG,SA,1994,45.9
Argentina,ARG,SA,1995,48.9
Argentina,ARG,SA,1996,49.5
Argentina,ARG,SA,1997,49.1
Argentina,ARG,SA,1998,50.7
Argentina,ARG,SA,1999,49.8
Argentina,ARG,SA,2000,51.1
Argentina,ARG,SA,2001,53.3
Argentina,ARG,SA,2002,53.8
Argentina,ARG,SA,2003,50.9
Argentina,ARG,SA,2004,48.4
Argentina,ARG,SA,2005,47.7
Argentina,ARG,SA,2006,46.3
Argentina,ARG,SA,2007,46.2
Argentina,ARG,SA,2008,44.9
Argentina,ARG,SA,2009,43.7
Argentina,ARG,SA,2010,43.6
Argentina,ARG,SA,2011,42.6
Argentina,ARG,SA,2012,41.3
Argentina,ARG,SA,2013,40.9
Argentina,ARG,SA,2014,41.6
Argentina,ARG,SA,2016,42
Argentina,ARG,SA,2017,41.1
Argentina,ARG,SA,2018,41.3
Argentina,ARG,SA,2019,42.9
Argentina,ARG,SA,2020,42.3
Argentina,ARG,SA,2021,42
Armenia,ARM,AS,1999,36.2
Armenia,ARM,AS,2001,35.4
Armenia,ARM,AS,2002,34.8
Armenia,ARM,AS,2003,33
Armenia,ARM,AS,2004,37.5
Armenia,ARM,AS,2005,36
Armenia,ARM,AS,2006,29.7
Armenia,ARM,AS,2007,31.2
Armenia,ARM,AS,2008,29.2
Armenia,ARM,AS,2009,28
Armenia,ARM,AS,2010,30
Armenia,ARM,AS,2011,29.4
Armenia,ARM,AS,2012,29.6
Armenia,ARM,AS,2013,30.6
Armenia,ARM,AS,2014,31.5
Armenia,ARM,AS,2015,32.4
Armenia,ARM,AS,2016,32.5
Armenia,ARM,AS,2017,33.6
Armenia,ARM,AS,2018,34.4
Armenia,ARM,AS,2019,30
Armenia,ARM,AS,2020,25.1
Armenia,ARM,AS,2021,27.9
Australia,AUS,OC,1981,31.3
Australia,AUS,OC,1985,32.5
Australia,AUS,OC,1989,33.2
Australia,AUS,OC,1995,32.6
Australia,AUS,OC,2001,33.5
Australia,AUS,OC,2003,33.5
Australia,AUS,OC,2004,33.1
Australia,AUS,OC,2008,35.4
Australia,AUS,OC,2010,34.7
Australia,AUS,OC,2014,34.4
Australia,AUS,OC,2016,33.7
Australia,AUS,OC,2018,34.3
Austria,AUT,EU,1994,30.8
Austria,AUT,EU,1995,29.9
Austria,AUT,EU,1996,29.3
Austria,AUT,EU,1997,29.1
Austria,AUT,EU,1998,31.3
Austria,AUT,EU,1999,29.7
Austria,AUT,EU,2000,29
Austria,AUT,EU,2003,29.5
Austria,AUT,EU,2004,29.8
Austria,AUT,EU,2005,28.7
Austria,AUT,EU,2006,29.6
Austria,AUT,EU,2007,30.6
Austria,AUT,EU,2008,30.4
Austria,AUT,EU,2009,31.5
Austria,AUT,EU,2010,30.3
Austria,AUT,EU,2011,30.8
Austria,AUT,EU,2012,30.5
Austria,AUT,EU,2013,30.8
Austria,AUT,EU,2014,30.5
Austria,AUT,EU,2015,30.5
Austria,AUT,EU,2016,30.8
Austria,AUT,EU,2017,29.7
Austria,AUT,EU,2018,30.8
Austria,AUT,EU,2019,30.2
Austria,AUT,EU,2020,29.8
Azerbaijan,AZE,AS,1995,34.7
Azerbaijan,AZE,AS,2001,36.5
Azerbaijan,AZE,AS,2002,25.3
Azerbaijan,AZE,AS,2003,26.8
Azerbaijan,AZE,AS,2004,26.6
Azerbaijan,AZE,AS,2005,26.6
Bangladesh,BGD,AS,1983,25.9
Bangladesh,BGD,AS,1985,26.9
Bangladesh,BGD,AS,1988,28.8
Bangladesh,BGD,AS,1991,27.6
Bangladesh,BGD,AS,1995,32.9
Bangladesh,BGD,AS,2000,33.4
Bangladesh,BGD,AS,2005,33.2
Bangladesh,BGD,AS,2010,32.1
Bangladesh,BGD,AS,2016,32.4
Bangladesh,BGD,AS,2022,31.8
Belarus,BLR,EU,1998,32
Belarus,BLR,EU,1999,31.7
Belarus,BLR,EU,2000,31.2
Belarus,BLR,EU,2001,30.6
Belarus,BLR,EU,2002,30.3
Belarus,BLR,EU,2003,28.8
Belarus,BLR,EU,2004,26.5
Belarus,BLR,EU,2005,27.6
Belarus,BLR,EU,2006,28.3
Belarus,BLR,EU,2007,29.6
Belarus,BLR,EU,2008,27.8
Belarus,BLR,EU,2009,27.7
Belarus,BLR,EU,2010,28.6
Belarus,BLR,EU,2011,27.2
Belarus,BLR,EU,2012,26.5
Belarus,BLR,EU,2013,26.6
Belarus,BLR,EU,2014,27.2
Belarus,BLR,EU,2015,25.6
Belarus,BLR,EU,2016,25.3
Belarus,BLR,EU,2017,25.4
Belarus,BLR,EU,2018,25.2
Belarus,BLR,EU,2019,25.3
Belarus,BLR,EU,2020,24.4
Belgium,BEL,EU,1985,25.2
Belgium,BEL,EU,1988,25.7
Belgium,BEL,EU,1992,25
Belgium,BEL,EU,1995,28.4
Belgium,BEL,EU,1997,26.8
Belgium,BEL,EU,2000,33.1
Belgium,BEL,EU,2003,28.1
Belgium,BEL,EU,2004,30.5
Belgium,BEL,EU,2005,29.3
Belgium,BEL,EU,2006,28.1
Belgium,BEL,EU,2007,29.2
Belgium,BEL,EU,2008,28.4
Belgium,BEL,EU,2009,28.6
Belgium,BEL,EU,2010,28.4
Belgium,BEL,EU,2011,28.1
Belgium,BEL,EU,2012,27.5
Belgium,BEL,EU,2013,27.7
Belgium,BEL,EU,2014,28.1
Belgium,BEL,EU,2015,27.7
Belgium,BEL,EU,2016,27.6
Belgium,BEL,EU,2017,27.4
Belgium,BEL,EU,2018,27.2
Belgium,BEL,EU,2019,27.2
Belgium,BEL,EU,2020,26
Belize,BLZ,NA,1993,60.3
Belize,BLZ,NA,1994,60.9
Belize,BLZ,NA,1996,56.6
Belize,BLZ,NA,1997,60.4
Belize,BLZ,NA,1998,54.9
Belize,BLZ,NA,1999,53.3
Benin,BEN,AF,2003,38.6
Benin,BEN,AF,2011,43.4
Benin,BEN,AF,2015,47.8
Benin,BEN,AF,2018,37.9
Bhutan,BTN,AS,2003,40.9
Bhutan,BTN,AS,2007,38.1
Bhutan,BTN,AS,2012,38.8
Bhutan,BTN,AS,2017,37.4
Bhutan,BTN,AS,2022,28.5
Bolivia,BOL,SA,1997,58.2
Bolivia,BOL,SA,1999,58.1
Bolivia,BOL,SA,2000,61.6
Bolivia,BOL,SA,2001,57.4
Bolivia,BOL,SA,2002,59.3
Bolivia,BOL,SA,2004,55
Bolivia,BOL,SA,2005,58.5
Bolivia,BOL,SA,2006,56.7
Bolivia,BOL,SA,2007,54.5
Bolivia,BOL,SA,2008,50.8
Bolivia,BOL,SA,2009,49.2
Bolivia,BOL,SA,2011,46.1
Bolivia,BOL,SA,2012,46.6
Bolivia,BOL,SA,2013,47.6
Bolivia,BOL,SA,2014,47.8
Bolivia,BOL,SA,2015,46.7
Bolivia,BOL,SA,2016,45.2
Bolivia,BOL,SA,2017,44.6
Bolivia,BOL,SA,2018,42.6
Bolivia,BOL,SA,2019,41.6
Bolivia,BOL,SA,2020,43.6
Bolivia,BOL,SA,2021,40.9
Bosnia and Herzegovina,BIH,EU,2001,30
Bosnia and Herzegovina,BIH,EU,2004,34
Bosnia and Herzegovina,BIH,EU,2007,33.1
Bosnia and Herzegovina,BIH,EU,2011,33
Botswana,BWA,AF,1985,54.2
Botswana,BWA,AF,1993,60.8
Botswana,BWA,AF,2002,64.7
Botswana,BWA,AF,2009,60.5
Botswana,BWA,AF,2015,53.3
Brazil,BRA,SA,1981,57.9
Brazil,BRA,SA,1982,58.4
Brazil,BRA,SA,1983,59
Brazil,BRA,SA,1984,58.4
Brazil,BRA,SA,1985,55.6
Brazil,BRA,SA,1986,58.5
Brazil,BRA,SA,1987,59.7
Brazil,BRA,SA,1988,61.4
Brazil,BRA,SA,1989,63.3
Brazil,BRA,SA,1990,60.5
Brazil,BRA,SA,1992,53.2
Brazil,BRA,SA,1993,60.1
Brazil,BRA,SA,1995,59.6
Brazil,BRA,SA,1996,59.9
Brazil,BRA,SA,1997,59.8
Brazil,BRA,SA,1998,59.6
Brazil,BRA,SA,1999,59
Brazil,BRA,SA,2001,58.4
Brazil,BRA,SA,2002,58.1
Brazil,BRA,SA,2003,57.6
Brazil,BRA,SA,2004,56.5
Brazil,BRA,SA,2005,56.3
Brazil,BRA,SA,2006,55.6
Brazil,BRA,SA,2007,54.9
Brazil,BRA,SA,2008,54
Brazil,BRA,SA,2009,53.7
Brazil,BRA,SA,2011,52.9
Brazil,BRA,SA,2012,53.4
Brazil,BRA,SA,2013,52.7
Brazil,BRA,SA,2014,52
Brazil,BRA,SA,2015,51.9
Brazil,BRA,SA,2016,53.3
Brazil,BRA,SA,2017,53.3
Brazil,BRA,SA,2018,53.9
Brazil,BRA,SA,2019,53.5
Brazil,BRA,SA,2020,48.9
Brazil,BRA,SA,2021,52.9
Bulgaria,BGR,EU,2006,35.7
Bulgaria,BGR,EU,2007,36.1
Bulgaria,BGR,EU,2008,33.6
Bulgaria,BGR,EU,2009,33.8
Bulgaria,BGR,EU,2010,35.7
Bulgaria,BGR,EU,2011,34.3
Bulgaria,BGR,EU,2012,36
Bulgaria,BGR,EU,2013,36.6
Bulgaria,BGR,EU,2014,37.4
Bulgaria,BGR,EU,2015,38.6
Bulgaria,BGR,EU,2016,40.6
Bulgaria,BGR,EU,2017,40.4
Bulgaria,BGR,EU,2018,41.3
Bulgaria,BGR,EU,2019,40.3
Bulgaria,BGR,EU,2020,40.5
Burkina Faso,BFA,AF,1994,48.1
Burkina Faso,BFA,AF,1998,49.9
Burkina Faso,BFA,AF,2003,43.3
Burkina Faso,BFA,AF,2009,39.8
Burkina Faso,BFA,AF,2014,35.3
Burkina Faso,BFA,AF,2018,43
Burma (Myanmar),MMR,AS,2015,38.1
Burma (Myanmar),MMR,AS,2017,30.7
Burundi,BDI,AF,1992,33.3
Burundi,BDI,AF,1998,42.3
Burundi,BDI,AF,2006,33.4
Burundi,BDI,AF,2013,38.6
Cameroon,CMR,AF,1996,44.4
Cameroon,CMR,AF,2001,42.1
Cameroon,CMR,AF,2007,42.8
Cameroon,CMR,AF,2014,46.6
Canada,CAN,NA,1971,37.3
Canada,CAN,NA,1973,34.9
Canada,CAN,NA,1975,34.1
Canada,CAN,NA,1977,33.7
Canada,CAN,NA,1979,33.5
Canada,CAN,NA,1981,33
Canada,CAN,NA,1982,32.9
Canada,CAN,NA,1984,33.5
Canada,CAN,NA,1985,33.2
Canada,CAN,NA,1986,31.7
Canada,CAN,NA,1987,31.7
Canada,CAN,NA,1988,31.2
Canada,CAN,NA,1989,31
Canada,CAN,NA,1990,31.4
Canada,CAN,NA,1991,32
Canada,CAN,NA,1992,31.6
Canada,CAN,NA,1993,31.7
Canada,CAN,NA,1994,31.3
Canada,CAN,NA,1995,31.5
Canada,CAN,NA,1996,32.8
Canada,CAN,NA,1997,33.1
Canada,CAN,NA,1998,33.2
Canada,CAN,NA,1999,33.1
Canada,CAN,NA,2000,33.4
Canada,CAN,NA,2001,33.6
Canada,CAN,NA,2002,33.6
Canada,CAN,NA,2003,33.8
Canada,CAN,NA,2004,33.8
Canada,CAN,NA,2005,33.6
Canada,CAN,NA,2006,34.1
Canada,CAN,NA,2007,33.8
Canada,CAN,NA,2008,33.9
Canada,CAN,NA,2009,34
Canada,CAN,NA,2010,33.6
Canada,CAN,NA,2011,32.7
Canada,CAN,NA,2012,33.5
Canada,CAN,NA,2013,33.8
Canada,CAN,NA,2014,33.2
Canada,CAN,NA,2015,33.7
Canada,CAN,NA,2016,32.7
Canada,CAN,NA,2017,33.3
Canada,CAN,NA,2018,32.5
Canada,CAN,NA,2019,31.7
Cape Verde,CPV,AF,2001,52.5
Cape Verde,CPV,AF,2007,47.2
Cape Verde,CPV,AF,2015,42.4
Central African Republic,CAF,AF,1992,61.3
Central African Republic,CAF,AF,2008,56.2
Central African Republic,CAF,AF,2021,43
Chad,TCD,AF,2003,39.8
Chad,TCD,AF,2011,43.3
Chad,TCD,AF,2018,37.5
Chile,CHL,SA,1987,56.2
Chile,CHL,SA,1990,57.2
Chile,CHL,SA,1992,54.8
Chile,CHL,SA,1994,56.4
Chile,CHL,SA,1996,54.9
Chile,CHL,SA,1998,55.5
Chile,CHL,SA,2000,52.8
Chile,CHL,SA,2003,51.5
Chile,CHL,SA,2006,47.3
Chile,CHL,SA,2009,47
Chile,CHL,SA,2011,46
Chile,CHL,SA,2013,45.8
Chile,CHL,SA,2015,44.4
Chile,CHL,SA,2017,44.4
Chile,CHL,SA,2020,44.9
China,CHN,AS,1990,32.2
China,CHN,AS,1993,33.9
China,CHN,AS,1996,35.2
China,CHN,AS,1999,38.7
China,CHN,AS,2002,42
China,CHN,AS,2005,40.9
China,CHN,AS,2008,43
China,CHN,AS,2010,43.7
China,CHN,AS,2011,42.4
China,CHN,AS,2012,42.2
China,CHN,AS,2013,39.7
China,CHN,AS,2014,39.2
China,CHN,AS,2015,38.6
China,CHN,AS,2016,38.5
China,CHN,AS,2017,39.1
China,CHN,AS,2018,38.5
China,CHN,AS,2019,38.2
China,CHN,AS,2020,37.1
Colombia,COL,SA,1992,51.5
Colombia,COL,SA,1996,56.9
Colombia,COL,SA,1999,58.7
Colombia,COL,SA,2000,58.7
Colombia,COL,SA,2001,57.5
Colombia,COL,SA,2002,56
Colombia,COL,SA,2003,53.6
Colombia,COL,SA,2004,55
Colombia,COL,SA,2005,53.9
Colombia,COL,SA,2008,55.3
Colombia,COL,SA,2009,54.3
Colombia,COL,SA,2010,54.6
Colombia,COL,SA,2011,53.5
Colombia,COL,SA,2012,52.6
Colombia,COL,SA,2013,52.6
Colombia,COL,SA,2014,52.6
Colombia,COL,SA,2015,51
Colombia,COL,SA,2016,50.6
Colombia,COL,SA,2017,49.7
Colombia,COL,SA,2018,50.4
Colombia,COL,SA,2019,51.3
Colombia,COL,SA,2020,53.5
Colombia,COL,SA,2021,51.5
Comoros,COM,AF,2004,55.9
Comoros,COM,AF,2014,45.3
Costa Rica,CRC,NA,1981,47.5
Costa Rica,CRC,NA,1986,34.4
Costa Rica,CRC,NA,1989,45.6
Costa Rica,CRC,NA,1990,45.3
Costa Rica,CRC,NA,1991,46.6
Costa Rica,CRC,NA,1992,45.7
Costa Rica,CRC,NA,1993,46
Costa Rica,CRC,NA,1994,46.8
Costa Rica,CRC,NA,1995,45.7
Costa Rica,CRC,NA,1996,46.5
Costa Rica,CRC,NA,1997,45.6
Costa Rica,CRC,NA,1998,45.7
Costa Rica,CRC,NA,1999,47.7
Costa Rica,CRC,NA,2000,47.4
Costa Rica,CRC,NA,2001,51.5
Costa Rica,CRC,NA,2002,51.8
Costa Rica,CRC,NA,2003,49.3
Costa Rica,CRC,NA,2004,48.4
Costa Rica,CRC,NA,2005,47.5
Costa Rica,CRC,NA,2006,49.3
Costa Rica,CRC,NA,2007,49.3
Costa Rica,CRC,NA,2008,48.6
Costa Rica,CRC,NA,2009,50.6
Costa Rica,CRC,NA,2010,48
Costa Rica,CRC,NA,2011,48.8
Costa Rica,CRC,NA,2012,48.4
Costa Rica,CRC,NA,2013,49.2
Costa Rica,CRC,NA,2014,48.6
Costa Rica,CRC,NA,2015,48.4
Costa Rica,CRC,NA,2016,48.7
Costa Rica,CRC,NA,2017,48.3
Costa Rica,CRC,NA,2018,48
Costa Rica,CRC,NA,2019,48.2
Costa Rica,CRC,NA,2020,49.2
Costa Rica,CRC,NA,2021,48.7
Costa Rica,CRC,NA,2022,47.2
Croatia,HRV,EU,2009,32.6
Croatia,HRV,EU,2010,32.4
Croatia,HRV,EU,2011,32.3
Croatia,HRV,EU,2012,32.5
Croatia,HRV,EU,2013,32
Croatia,HRV,EU,2014,32.1
Croatia,HRV,EU,2015,31.1
Croatia,HRV,EU,2016,30.9
Croatia,HRV,EU,2017,30.4
Croatia,HRV,EU,2018,29.7
Croatia,HRV,EU,2019,28.9
Croatia,HRV,EU,2020,29.5
Cyprus,CYP,EU,2004,30.1
Cyprus,CYP,EU,2005,30.3
Cyprus,CYP,EU,2006,31.1
Cyprus,CYP,EU,2007,31.1
Cyprus,CYP,EU,2008,31.7
Cyprus,CYP,EU,2009,32.1
Cyprus,CYP,EU,2010,31.5
Cyprus,CYP,EU,2011,32.6
Cyprus,CYP,EU,2012,34.3
Cyprus,CYP,EU,2013,37
Cyprus,CYP,EU,2014,35.6
Cyprus,CYP,EU,2015,34
Cyprus,CYP,EU,2016,32.9
Cyprus,CYP,EU,2017,31.4
Cyprus,CYP,EU,2018,32.7
Cyprus,CYP,EU,2019,31.2
Cyprus,CYP,EU,2020,31.7
Czechia,CZE,EU,1992,20.7
Czechia,CZE,EU,1993,26.6
Czechia,CZE,EU,1996,25.8
Czechia,CZE,EU,2002,26.6
Czechia,CZE,EU,2004,27.5
Czechia,CZE,EU,2005,26.9
Czechia,CZE,EU,2006,26.7
Czechia,CZE,EU,2007,26
Czechia,CZE,EU,2008,26.3
Czechia,CZE,EU,2009,26.2
Czechia,CZE,EU,2010,26.6
Czechia,CZE,EU,2011,26.4
Czechia,CZE,EU,2012,26.1
Czechia,CZE,EU,2013,26.5
Czechia,CZE,EU,2014,25.9
Czechia,CZE,EU,2015,25.9
Czechia,CZE,EU,2016,25.4
Czechia,CZE,EU,2017,24.9
Czechia,CZE,EU,2018,25
Czechia,CZE,EU,2019,25.3
Czechia,CZE,EU,2020,26.2
Democratic Republic of the Congo,COD,AF,2004,42.2
Democratic Republic of the Congo,COD,AF,2012,42.1
Denmark,DNK,EU,1987,26.2
Denmark,DNK,EU,1992,24.7
Denmark,DNK,EU,1995,23
Denmark,DNK,EU,2000,23.8
Denmark,DNK,EU,2003,25.6
Denmark,DNK,EU,2004,24.9
Denmark,DNK,EU,2005,25.2
Denmark,DNK,EU,2006,25.9
Denmark,DNK,EU,2007,26.2
Denmark,DNK,EU,2008,25.2
Denmark,DNK,EU,2009,26.7
Denmark,DNK,EU,2010,27.2
Denmark,DNK,EU,2011,27.3
Denmark,DNK,EU,2012,27.8
Denmark,DNK,EU,2013,28.5
Denmark,DNK,EU,2014,28.4
Denmark,DNK,EU,2015,28.2
Denmark,DNK,EU,2016,28.2
Denmark,DNK,EU,2017,28.7
Denmark,DNK,EU,2018,28.2
Denmark,DNK,EU,2019,27.7
Denmark,DNK,EU,2020,27.5
Djibouti,DJI,AF,2002,40
Djibouti,DJI,AF,2012,45.1
Djibouti,DJI,AF,2013,44.1
Djibouti,DJI,AF,2017,41.6
Dominican Republic,DOM,NA,1986,47.8
Dominican Republic,DOM,NA,1989,50.5
Dominican Republic,DOM,NA,1992,51.4
Dominican Republic,DOM,NA,1996,47.4
Dominican Republic,DOM,NA,1997,48.9
Dominican Republic,DOM,NA,2000,51.5
Dominican Republic,DOM,NA,2001,50
Dominican Republic,DOM,NA,2002,49.7
Dominican Republic,DOM,NA,2003,52.1
Dominican Republic,DOM,NA,2004,52.1
Dominican Republic,DOM,NA,2005,50
Dominican Republic,DOM,NA,2006,52
Dominican Republic,DOM,NA,2007,48.9
Dominican Republic,DOM,NA,2008,48.1
Dominican Republic,DOM,NA,2009,48.9
Dominican Republic,DOM,NA,2010,47.3
Dominican Republic,DOM,NA,2011,47.7
Dominican Republic,DOM,NA,2012,46.1
Dominican Republic,DOM,NA,2013,47.7
Dominican Republic,DOM,NA,2014,44.3
Dominican Republic,DOM,NA,2015,45.2
Dominican Republic,DOM,NA,2016,45.7
Dominican Republic,DOM,NA,2017,42.2
Dominican Republic,DOM,NA,2018,43.7
Dominican Republic,DOM,NA,2019,41.9
Dominican Republic,DOM,NA,2020,39.6
Dominican Republic,DOM,NA,2021,38.5
Ecuador,ECU,SA,1994,53.4
Ecuador,ECU,SA,1999,58.6
Ecuador,ECU,SA,2000,56.4
Ecuador,ECU,SA,2003,53.5
Ecuador,ECU,SA,2004,53.9
Ecuador,ECU,SA,2005,53.1
Ecuador,ECU,SA,2006,52.3
Ecuador,ECU,SA,2007,53.4
Ecuador,ECU,SA,2008,49.8
Ecuador,ECU,SA,2009,48.5
Ecuador,ECU,SA,2010,48.8
Ecuador,ECU,SA,2011,45.9
Ecuador,ECU,SA,2012,46.1
Ecuador,ECU,SA,2013,46.9
Ecuador,ECU,SA,2014,45
Ecuador,ECU,SA,2015,46
Ecuador,ECU,SA,2016,45
Ecuador,ECU,SA,2017,44.7
Ecuador,ECU,SA,2018,45.4
Ecuador,ECU,SA,2019,45.7
Ecuador,ECU,SA,2020,47.3
Ecuador,ECU,SA,2021,45.8
Ecuador,ECU,SA,2022,45.5
Egypt,EGY,AF,1990,32
Egypt,EGY,AF,1995,30.1
Egypt,EGY,AF,1999,32.8
Egypt,EGY,AF,2004,31.8
Egypt,EGY,AF,2008,31.1
Egypt,EGY,AF,2010,30.2
Egypt,EGY,AF,2012,28.3
Egypt,EGY,AF,2015,31.8
Egypt,EGY,AF,2017,31.5
Egypt,EGY,AF,2019,31.9
El Salvador,SLV,NA,1991,54
El Salvador,SLV,NA,1995,49.9
El Salvador,SLV,NA,1996,51
El Salvador,SLV,NA,1998,54.5
El Salvador,SLV,NA,1999,52.2
El Salvador,SLV,NA,2000,51.5
El Salvador,SLV,NA,2001,51.4
El Salvador,SLV,NA,2002,51.9
El Salvador,SLV,NA,2003,50.5
El Salvador,SLV,NA,2004,47.8
El Salvador,SLV,NA,2005,48.5
El Salvador,SLV,NA,2006,45.7
El Salvador,SLV,NA,2007,45.2
El Salvador,SLV,NA,2008,46.9
El Salvador,SLV,NA,2009,45.8
El Salvador,SLV,NA,2010,43.5
El Salvador,SLV,NA,2011,42.3
El Salvador,SLV,NA,2012,41.8
El Salvador,SLV,NA,2013,43.4
El Salvador,SLV,NA,2014,41.6
El Salvador,SLV,NA,2015,40.6
El Salvador,SLV,NA,2016,40
El Salvador,SLV,NA,2017,38
El Salvador,SLV,NA,2018,38.6
El Salvador,SLV,NA,2019,38.8
El Salvador,SLV,NA,2021,39
El Salvador,SLV,NA,2022,38.8
Estonia,EST,EU,2003,37.2
Estonia,EST,EU,2004,33.6
Estonia,EST,EU,2005,33.4
Estonia,EST,EU,2006,33.7
Estonia,EST,EU,2007,31.2
Estonia,EST,EU,2008,31.9
Estonia,EST,EU,2009,31.4
Estonia,EST,EU,2010,32
Estonia,EST,EU,2011,32.5
Estonia,EST,EU,2012,32.9
Estonia,EST,EU,2013,35.1
Estonia,EST,EU,2014,34.6
Estonia,EST,EU,2015,32.7
Estonia,EST,EU,2016,31.2
Estonia,EST,EU,2017,30.4
Estonia,EST,EU,2018,30.3
Estonia,EST,EU,2019,30.8
Estonia,EST,EU,2020,30.7
Ethiopia,ETH,AF,1995,44.6
Ethiopia,ETH,AF,1999,30
Ethiopia,ETH,AF,2004,29.8
Ethiopia,ETH,AF,2010,33.2
Ethiopia,ETH,AF,2015,35
Fiji,FJI,OC,2002,38.1
Fiji,FJI,OC,2008,40.4
Fiji,FJI,OC,2013,36.7
Fiji,FJI,OC,2019,30.7
Finland,FIN,EU,1987,22.2
Finland,FIN,EU,1991,22.9
Finland,FIN,EU,1995,23.5
Finland,FIN,EU,2000,27.2
Finland,FIN,EU,2003,27.7
Finland,FIN,EU,2004,27.9
Finland,FIN,EU,2005,27.6
Finland,FIN,EU,2006,28
Finland,FIN,EU,2007,28.3
Finland,FIN,EU,2008,27.8
Finland,FIN,EU,2009,27.5
Finland,FIN,EU,2010,27.7
Finland,FIN,EU,2011,27.6
Finland,FIN,EU,2012,27.1
Finland,FIN,EU,2013,27.2
Finland,FIN,EU,2014,26.8
Finland,FIN,EU,2015,27.1
Finland,FIN,EU,2016,27.1
Finland,FIN,EU,2017,27.4
Finland,FIN,EU,2018,27.3
Finland,FIN,EU,2019,27.7
Finland,FIN,EU,2020,27.1
France,FRA,EU,1970,37.1
France,FRA,EU,1975,35.9
France,FRA,EU,1979,34
France,FRA,EU,1984,33.4
France,FRA,EU,1990,32.1
France,FRA,EU,1996,32
France,FRA,EU,1997,31.9
France,FRA,EU,1998,31.7
France,FRA,EU,1999,32.5
France,FRA,EU,2000,32.6
France,FRA,EU,2001,32.5
France,FRA,EU,2002,31.8
France,FRA,EU,2003,31.4
France,FRA,EU,2004,30.6
France,FRA,EU,2005,29.8
France,FRA,EU,2006,29.7
France,FRA,EU,2007,32.4
France,FRA,EU,2008,33
France,FRA,EU,2009,32.7
France,FRA,EU,2010,33.7
France,FRA,EU,2011,33.3
France,FRA,EU,2012,33.1
France,FRA,EU,2013,32.5
France,FRA,EU,2014,32.3
France,FRA,EU,2015,32.7
France,FRA,EU,2016,31.9
France,FRA,EU,2017,31.6
France,FRA,EU,2018,32.4
France,FRA,EU,2019,31.2
France,FRA,EU,2020,30.7
Gabon,GAB,AF,2005,42.2
Gabon,GAB,AF,2017,38
Gambia,GMB,AF,1998,48.5
Gambia,GMB,AF,2003,47.3
Gambia,GMB,AF,2010,43.6
Gambia,GMB,AF,2015,35.9
Gambia,GMB,AF,2020,38.8
Georgia,GEO,AS,1996,37.1
Georgia,GEO,AS,1997,40.7
Georgia,GEO,AS,1998,41.3
Georgia,GEO,AS,1999,40.1
Georgia,GEO,AS,2000,40.5
Georgia,GEO,AS,2001,39.6
Georgia,GEO,AS,2002,37.2
Georgia,GEO,AS,2003,36.7
Georgia,GEO,AS,2004,36.2
Georgia,GEO,AS,2005,37.4
Georgia,GEO,AS,2006,36.9
Georgia,GEO,AS,2007,38.1
Georgia,GEO,AS,2008,38.5
Georgia,GEO,AS,2009,38.2
Georgia,GEO,AS,2010,39.5
Georgia,GEO,AS,2011,39.6
Georgia,GEO,AS,2012,39
Georgia,GEO,AS,2013,38.6
Georgia,GEO,AS,2014,37.6
Georgia,GEO,AS,2015,36.5
Georgia,GEO,AS,2016,36.6
Georgia,GEO,AS,2017,37.9
Georgia,GEO,AS,2018,36.4
Georgia,GEO,AS,2019,35.9
Georgia,GEO,AS,2020,34.5
Georgia,GEO,AS,2021,34.2
Germany,DEU,EU,1991,29.5
Germany,DEU,EU,1992,29
Germany,DEU,EU,1993,28.5
Germany,DEU,EU,1994,29.2
Germany,DEU,EU,1995,28.7
Germany,DEU,EU,1996,28
Germany,DEU,EU,1997,28.3
Germany,DEU,EU,1998,28.1
Germany,DEU,EU,1999,29
Germany,DEU,EU,2000,28.8
Germany,DEU,EU,2001,29.9
Germany,DEU,EU,2002,29.9
Germany,DEU,EU,2003,29.9
Germany,DEU,EU,2004,30.2
Germany,DEU,EU,2005,31.6
Germany,DEU,EU,2006,31
Germany,DEU,EU,2007,31.1
Germany,DEU,EU,2008,30.9
Germany,DEU,EU,2009,30.5
Germany,DEU,EU,2010,30.3
Germany,DEU,EU,2011,30.7
Germany,DEU,EU,2012,31.1
Germany,DEU,EU,2013,31.5
Germany,DEU,EU,2014,30.9
Germany,DEU,EU,2015,31.4
Germany,DEU,EU,2016,31.4
Germany,DEU,EU,2017,31.9
Germany,DEU,EU,2018,31.8
Germany,DEU,EU,2019,31.7
Ghana,GHA,AF,1987,35.3
Ghana,GHA,AF,1988,36
Ghana,GHA,AF,1991,38.4
Ghana,GHA,AF,1998,40.1
Ghana,GHA,AF,2005,42.8
Ghana,GHA,AF,2012,42.4
Ghana,GHA,AF,2016,43.5
Greece,GRC,EU,1995,37
Greece,GRC,EU,2000,34.2
Greece,GRC,EU,2003,32.8
Greece,GRC,EU,2004,33.6
Greece,GRC,EU,2005,34.6
Greece,GRC,EU,2006,35.1
Greece,GRC,EU,2007,34
Greece,GRC,EU,2008,33.6
Greece,GRC,EU,2009,33.6
Greece,GRC,EU,2010,34.1
Greece,GRC,EU,2011,34.8
Greece,GRC,EU,2012,36.3
Greece,GRC,EU,2013,36.1
Greece,GRC,EU,2014,35.8
Greece,GRC,EU,2015,36
Greece,GRC,EU,2016,35
Greece,GRC,EU,2017,34.4
Greece,GRC,EU,2018,32.9
Greece,GRC,EU,2019,33.1
Greece,GRC,EU,2020,33.6
Guatemala,GTM,NA,1986,58.3
Guatemala,GTM,NA,1989,59.6
Guatemala,GTM,NA,2000,54.2
Guatemala,GTM,NA,2006,54.6
Guatemala,GTM,NA,2014,48.3
Guinea,GIN,AF,1991,46.8
Guinea,GIN,AF,1994,46.1
Guinea,GIN,AF,2002,43
Guinea,GIN,AF,2007,39.4
Guinea,GIN,AF,2012,33.7
Guinea,GIN,AF,2018,29.6
Guinea-Bissau,GNB,AF,1993,43.6
Guinea-Bissau,GNB,AF,2002,35.6
Guinea-Bissau,GNB,AF,2010,50.7
Guinea-Bissau,GNB,AF,2018,34.8
Guyana,GUY,SA,1998,45.1
Haiti,HTI,NA,2012,41.1
Honduras,HND,NA,1989,59.5
Honduras,HND,NA,1990,57.4
Honduras,HND,NA,1991,51.9
Honduras,HND,NA,1992,51.8
Honduras,HND,NA,1993,53.5
Honduras,HND,NA,1994,55
Honduras,HND,NA,1995,55.5
Honduras,HND,NA,1996,55.7
Honduras,HND,NA,1997,52.7
Honduras,HND,NA,1998,57.4
Honduras,HND,NA,1999,55.4
Honduras,HND,NA,2001,55.4
Honduras,HND,NA,2002,55.7
Honduras,HND,NA,2003,58.1
Honduras,HND,NA,2004,58.1
Honduras,HND,NA,2005,59.5
Honduras,HND,NA,2006,57.5
Honduras,HND,NA,2007,55.8
Honduras,HND,NA,2008,55.5
Honduras,HND,NA,2009,51.3
Honduras,HND,NA,2010,53.1
Honduras,HND,NA,2011,52.6
Honduras,HND,NA,2012,53.4
Honduras,HND,NA,2013,50
Honduras,HND,NA,2014,49.9
Honduras,HND,NA,2015,49.2
Honduras,HND,NA,2016,49.8
Honduras,HND,NA,2017,49.4
Honduras,HND,NA,2018,48.9
Honduras,HND,NA,2019,48.2
Hungary,HUN,EU,2004,29.9
Hungary,HUN,EU,2005,34.7
Hungary,HUN,EU,2006,28.3
Hungary,HUN,EU,2007,27.9
Hungary,HUN,EU,2008,27.5
Hungary,HUN,EU,2009,27
Hungary,HUN,EU,2010,29.4
Hungary,HUN,EU,2011,29.2
Hungary,HUN,EU,2012,30.8
Hungary,HUN,EU,2013,31.5
Hungary,HUN,EU,2014,30.9
Hungary,HUN,EU,2015,30.4
Hungary,HUN,EU,2016,30.3
Hungary,HUN,EU,2017,30.6
Hungary,HUN,EU,2018,29.6
Hungary,HUN,EU,2019,30
Hungary,HUN,EU,2020,29.7
Iceland,ISL,EU,2003,26.8
Iceland,ISL,EU,2004,28
Iceland,ISL,EU,2005,29
Iceland,ISL,EU,2006,30.2
Iceland,ISL,EU,2007,29.5
Iceland,ISL,EU,2008,31.8
Iceland,ISL,EU,2009,28.7
Iceland,ISL,EU,2010,26.2
Iceland,ISL,EU,2011,26.8
Iceland,ISL,EU,2012,26.8
Iceland,ISL,EU,2013,25.4
Iceland,ISL,EU,2014,27.8
Iceland,ISL,EU,2015,26.8
Iceland,ISL,EU,2016,27.2
Iceland,ISL,EU,2017,26.1
India,IND,AS,1977,33.3
India,IND,AS,1983,32.1
India,IND,AS,1987,32.6
India,IND,AS,1993,31.7
India,IND,AS,2004,34.4
India,IND,AS,2009,35.4
India,IND,AS,2011,35.7
India,IND,AS,2015,34.7
India,IND,AS,2016,34.8
India,IND,AS,2017,35.9
India,IND,AS,2018,34.6
India,IND,AS,2019,35
India,IND,AS,2020,34.8
India,IND,AS,2021,34.2
Indonesia,IDN,AS,1984,33.5
Indonesia,IDN,AS,1987,31.4
Indonesia,IDN,AS,1990,32.3
Indonesia,IDN,AS,1993,33.2
Indonesia,IDN,AS,1996,35.6
Indonesia,IDN,AS,1998,32.2
Indonesia,IDN,AS,1999,32.1
Indonesia,IDN,AS,2000,29.5
Indonesia,IDN,AS,2001,30
Indonesia,IDN,AS,2002,32.8
Indonesia,IDN,AS,2003,33
Indonesia,IDN,AS,2004,33.9
Indonesia,IDN,AS,2005,34.1
Indonesia,IDN,AS,2006,35.3
Indonesia,IDN,AS,2007,36.7
Indonesia,IDN,AS,2008,36.1
Indonesia,IDN,AS,2009,36
Indonesia,IDN,AS,2010,37.2
Indonesia,IDN,AS,2011,40.5
Indonesia,IDN,AS,2012,40.5
Indonesia,IDN,AS,2013,40.8
Indonesia,IDN,AS,2014,40.2
Indonesia,IDN,AS,2015,40.4
Indonesia,IDN,AS,2016,39.3
Indonesia,IDN,AS,2017,38.8
Indonesia,IDN,AS,2018,38.4
Indonesia,IDN,AS,2019,37.6
Indonesia,IDN,AS,2020,37.6
Indonesia,IDN,AS,2021,37.9
Indonesia,IDN,AS,2022,37.9
Iran,IRN,AS,1986,47.4
Iran,IRN,AS,1990,43.6
Iran,IRN,AS,1994,43
Iran,IRN,AS,1998,44.1
Iran,IRN,AS,2005,43.6
Iran,IRN,AS,2006,44.8
Iran,IRN,AS,2009,42.1
Iran,IRN,AS,2013,37.4
Iran,IRN,AS,2014,38.8
Iran,IRN,AS,2015,39.5
Iran,IRN,AS,2016,40
Iran,IRN,AS,2017,40.8
Iran,IRN,AS,2018,42
Iran,IRN,AS,2019,40.9
Iraq,IRQ,AS,2006,28.6
Iraq,IRQ,AS,2012,29.5
Ireland,IRL,EU,1987,35.5
Ireland,IRL,EU,1994,36.9
Ireland,IRL,EU,1995,37
Ireland,IRL,EU,1996,35.6
Ireland,IRL,EU,2000,33
Ireland,IRL,EU,2002,32.3
Ireland,IRL,EU,2003,32.9
Ireland,IRL,EU,2004,33.6
Ireland,IRL,EU,2005,33.8
Ireland,IRL,EU,2006,32.7
Ireland,IRL,EU,2007,31.9
Ireland,IRL,EU,2008,30.9
Ireland,IRL,EU,2009,32.7
Ireland,IRL,EU,2010,32.3
Ireland,IRL,EU,2011,32.9
Ireland,IRL,EU,2012,33.2
Ireland,IRL,EU,2013,33.5
Ireland,IRL,EU,2014,31.9
Ireland,IRL,EU,2015,31.8
Ireland,IRL,EU,2016,32.8
Ireland,IRL,EU,2017,31.4
Ireland,IRL,EU,2018,30.6
Ireland,IRL,EU,2019,30.8
Ireland,IRL,EU,2020,29.2
Israel,ISR,AS,1979,36.3
Israel,ISR,AS,1986,36.5
Israel,ISR,AS,1992,35.5
Israel,ISR,AS,1997,38.1
Israel,ISR,AS,2001,38.9
Israel,ISR,AS,2002,39.6
Israel,ISR,AS,2003,40.7
Israel,ISR,AS,2004,41.5
Israel,ISR,AS,2005,42.3
Israel,ISR,AS,2006,41.6
Israel,ISR,AS,2007,41.1
Israel,ISR,AS,2008,41.6
Israel,ISR,AS,2009,42.6
Israel,ISR,AS,2010,42.5
Israel,ISR,AS,2011,41.4
Israel,ISR,AS,2012,41.6
Israel,ISR,AS,2013,40.2
Israel,ISR,AS,2014,39.8
Israel,ISR,AS,2015,39.7
Israel,ISR,AS,2016,39
Israel,ISR,AS,2017,38.2
Israel,ISR,AS,2018,38.6
Italy,ITA,EU,1986,32.5
Italy,ITA,EU,1987,34.5
Italy,ITA,EU,1989,32.6
Italy,ITA,EU,1991,31.5
Italy,ITA,EU,1993,35.5
Italy,ITA,EU,1995,35.2
Italy,ITA,EU,1998,36.7
Italy,ITA,EU,2000,35.3
Italy,ITA,EU,2003,34.9
Italy,ITA,EU,2004,34.3
Italy,ITA,EU,2005,33.8
Italy,ITA,EU,2006,33.7
Italy,ITA,EU,2007,32.9
Italy,ITA,EU,2008,33.8
Italy,ITA,EU,2009,33.8
Italy,ITA,EU,2010,34.7
Italy,ITA,EU,2011,35.1
Italy,ITA,EU,2012,35.2
Italy,ITA,EU,2013,34.9
Italy,ITA,EU,2014,34.7
Italy,ITA,EU,2015,35.4
Italy,ITA,EU,2016,35.2
Italy,ITA,EU,2017,35.9
Italy,ITA,EU,2018,35.2
Italy,ITA,EU,2019,34.6
Italy,ITA,EU,2020,35.2
Ivory Coast,CIV,AF,1985,45.5
Ivory Coast,CIV,AF,1986,38
Ivory Coast,CIV,AF,1987,40.5
Ivory Coast,CIV,AF,1988,36.9
Ivory Coast,CIV,AF,1992,39.4
Ivory Coast,CIV,AF,1995,40.6
Ivory Coast,CIV,AF,1998,39
Ivory Coast,CIV,AF,2002,41.3
Ivory Coast,CIV,AF,2008,43.2
Ivory Coast,CIV,AF,2015,41.5
Ivory Coast,CIV,AF,2018,37.2
Jamaica,JAM,NA,1988,43.2
Jamaica,JAM,NA,1990,41.1
Jamaica,JAM,NA,1993,35.7
Jamaica,JAM,NA,1996,40.4
Jamaica,JAM,NA,1999,44.1
Jamaica,JAM,NA,2002,48.3
Jamaica,JAM,NA,2004,45.5
Japan,JPN,AS,2008,34.8
Japan,JPN,AS,2010,32.1
Japan,JPN,AS,2013,32.9
Jordan,JOR,AS,1986,36.1
Jordan,JOR,AS,1992,43.4
Jordan,JOR,AS,1997,36.4
Jordan,JOR,AS,2002,37
Jordan,JOR,AS,2006,33.9
Jordan,JOR,AS,2008,32.6
Jordan,JOR,AS,2010,33.7
Kazakhstan,KAZ,AS,1996,35.4
Kazakhstan,KAZ,AS,2001,36
Kazakhstan,KAZ,AS,2002,34.8
Kazakhstan,KAZ,AS,2003,33.7
Kazakhstan,KAZ,AS,2004,31.8
Kazakhstan,KAZ,AS,2005,39.8
Kazakhstan,KAZ,AS,2006,30.2
Kazakhstan,KAZ,AS,2007,30.1
Kazakhstan,KAZ,AS,2008,28.5
Kazakhstan,KAZ,AS,2009,28.2
Kazakhstan,KAZ,AS,2010,28
Kazakhstan,KAZ,AS,2011,28
Kazakhstan,KAZ,AS,2012,28.2
Kazakhstan,KAZ,AS,2013,27.1
Kazakhstan,KAZ,AS,2014,27
Kazakhstan,KAZ,AS,2015,26.8
Kazakhstan,KAZ,AS,2016,27.2
Kazakhstan,KAZ,AS,2017,27.5
Kazakhstan,KAZ,AS,2018,27.8
Kenya,KEN,AF,1992,57.5
Kenya,KEN,AF,1994,43.1
Kenya,KEN,AF,1997,45
Kenya,KEN,AF,2005,46.5
Kenya,KEN,AF,2015,40.8
Kenya,KEN,AF,2020,36.2
Kenya,KEN,AF,2021,38.7
Kiribati,KIR,OC,2006,37
Kiribati,KIR,OC,2019,27.8
Kyrgyzstan,KGZ,AS,2000,31
Kyrgyzstan,KGZ,AS,2001,30.2
Kyrgyzstan,KGZ,AS,2002,30.3
Kyrgyzstan,KGZ,AS,2003,28.7
Kyrgyzstan,KGZ,AS,2004,34.8
Kyrgyzstan,KGZ,AS,2005,32.6
Kyrgyzstan,KGZ,AS,2006,37.4
Kyrgyzstan,KGZ,AS,2007,33.9
Kyrgyzstan,KGZ,AS,2008,31.5
Kyrgyzstan,KGZ,AS,2009,29.9
Kyrgyzstan,KGZ,AS,2010,30.1
Kyrgyzstan,KGZ,AS,2011,27.8
Kyrgyzstan,KGZ,AS,2012,27.4
Kyrgyzstan,KGZ,AS,2013,28.8
Kyrgyzstan,KGZ,AS,2014,26.8
Kyrgyzstan,KGZ,AS,2015,29
Kyrgyzstan,KGZ,AS,2016,26.8
Kyrgyzstan,KGZ,AS,2017,27.3
Kyrgyzstan,KGZ,AS,2018,27.7
Kyrgyzstan,KGZ,AS,2019,29.7
Kyrgyzstan,KGZ,AS,2020,29
Laos,LAO,AS,1992,34.3
Laos,LAO,AS,1997,34.9
Laos,LAO,AS,2002,32.6
Laos,LAO,AS,2007,35.4
Laos,LAO,AS,2012,36
Laos,LAO,AS,2018,38.8
Latvia,LVA,EU,2004,36.4
Latvia,LVA,EU,2005,39
Latvia,LVA,EU,2006,35.6
Latvia,LVA,EU,2007,37.5
Latvia,LVA,EU,2008,37.2
Latvia,LVA,EU,2009,36
Latvia,LVA,EU,2010,35
Latvia,LVA,EU,2011,35.8
Latvia,LVA,EU,2012,35.2
Latvia,LVA,EU,2013,35.5
Latvia,LVA,EU,2014,35.1
Latvia,LVA,EU,2015,34.2
Latvia,LVA,EU,2016,34.3
Latvia,LVA,EU,2017,35.6
Latvia,LVA,EU,2018,35.1
Latvia,LVA,EU,2019,34.5
Latvia,LVA,EU,2020,35.7
Lebanon,LBN,AS,2011,31.8
Lesotho,LSO,AF,1986,56
Lesotho,LSO,AF,1994,63.2
Lesotho,LSO,AF,2002,51.6
Lesotho,LSO,AF,2017,44.9
Liberia,LBR,AF,2007,36.5
Liberia,LBR,AF,2014,33.2
Liberia,LBR,AF,2016,35.3
Lithuania,LTU,EU,2004,37
Lithuania,LTU,EU,2005,35.3
Lithuania,LTU,EU,2006,34.4
Lithuania,LTU,EU,2007,34.8
Lithuania,LTU,EU,2008,35.7
Lithuania,LTU,EU,2009,37.2
Lithuania,LTU,EU,2010,33.6
Lithuania,LTU,EU,2011,32.5
Lithuania,LTU,EU,2012,35.1
Lithuania,LTU,EU,2013,35.3
Lithuania,LTU,EU,2014,37.7
Lithuania,LTU,EU,2015,37.4
Lithuania,LTU,EU,2016,38.4
Lithuania,LTU,EU,2017,37.3
Lithuania,LTU,EU,2018,35.7
Lithuania,LTU,EU,2019,35.3
Lithuania,LTU,EU,2020,36
Luxembourg,LUX,EU,1985,26.3
Luxembourg,LUX,EU,1986,28.1
Luxembourg,LUX,EU,1987,29.5
Luxembourg,LUX,EU,1988,28.8
Luxembourg,LUX,EU,1989,30.8
Luxembourg,LUX,EU,1990,27.7
Luxembourg,LUX,EU,1991,27.2
Luxembourg,LUX,EU,1992,27.3
Luxembourg,LUX,EU,1993,27
Luxembourg,LUX,EU,1994,28.1
Luxembourg,LUX,EU,1995,28.3
Luxembourg,LUX,EU,1996,29
Luxembourg,LUX,EU,1997,29.6
Luxembourg,LUX,EU,1998,30.6
Luxembourg,LUX,EU,1999,30
Luxembourg,LUX,EU,2000,30.1
Luxembourg,LUX,EU,2001,30.9
Luxembourg,LUX,EU,2002,31
Luxembourg,LUX,EU,2003,30.2
Luxembourg,LUX,EU,2004,30.2
Luxembourg,LUX,EU,2005,30.8
Luxembourg,LUX,EU,2006,30.9
Luxembourg,LUX,EU,2007,31.1
Luxembourg,LUX,EU,2008,32.6
Luxembourg,LUX,EU,2009,31.2
Luxembourg,LUX,EU,2010,30.5
Luxembourg,LUX,EU,2011,32.1
Luxembourg,LUX,EU,2012,34.3
Luxembourg,LUX,EU,2013,32
Luxembourg,LUX,EU,2014,31.2
Luxembourg,LUX,EU,2015,32.9
Luxembourg,LUX,EU,2016,31.7
Luxembourg,LUX,EU,2017,34.5
Luxembourg,LUX,EU,2018,35.4
Luxembourg,LUX,EU,2019,34.2
Luxembourg,LUX,EU,2020,33.4
Madagascar,MDG,AF,1980,46.8
Madagascar,MDG,AF,1993,45.3
Madagascar,MDG,AF,1997,39.5
Madagascar,MDG,AF,1999,38.6
Madagascar,MDG,AF,2001,47.4
Madagascar,MDG,AF,2005,39.9
Madagascar,MDG,AF,2010,42.4
Madagascar,MDG,AF,2012,42.6
Malawi,MWI,AF,1997,65.8
Malawi,MWI,AF,2004,39.9
Malawi,MWI,AF,2010,45.5
Malawi,MWI,AF,2016,44.7
Malawi,MWI,AF,2019,38.5
Malaysia,MYS,AS,1984,48.6
Malaysia,MYS,AS,1987,47
Malaysia,MYS,AS,1989,46.2
Malaysia,MYS,AS,1992,47.7
Malaysia,MYS,AS,1995,48.5
Malaysia,MYS,AS,1997,49.1
Malaysia,MYS,AS,2003,46.4
Malaysia,MYS,AS,2006,44.8
Malaysia,MYS,AS,2008,45.5
Malaysia,MYS,AS,2011,43.9
Malaysia,MYS,AS,2013,41.3
Malaysia,MYS,AS,2015,41.1
Malaysia,MYS,AS,2018,41.2
Maldives,MDV,AS,2002,41.3
Maldives,MDV,AS,2009,38.4
Maldives,MDV,AS,2016,31.3
Maldives,MDV,AS,2019,29.3
Mali,MLI,AF,1994,50.4
Mali,MLI,AF,2001,39.9
Mali,MLI,AF,2006,38.9
Mali,MLI,AF,2009,33
Mali,MLI,AF,2018,36
Malta,MLT,EU,2006,28
Malta,MLT,EU,2007,29.2
Malta,MLT,EU,2008,29
Malta,MLT,EU,2009,30.2
Malta,MLT,EU,2010,29
Malta,MLT,EU,2011,29.1
Malta,MLT,EU,2012,29.4
Malta,MLT,EU,2013,28.8
Malta,MLT,EU,2014,29
Malta,MLT,EU,2015,29.4
Malta,MLT,EU,2016,29.1
Malta,MLT,EU,2017,29.2
Malta,MLT,EU,2018,28.7
Malta,MLT,EU,2019,31
Malta,MLT,EU,2020,31.4
Mauritania,MRT,AF,1987,43.9
Mauritania,MRT,AF,1993,50.1
Mauritania,MRT,AF,1995,37.7
Mauritania,MRT,AF,2000,39
Mauritania,MRT,AF,2004,40.2
Mauritania,MRT,AF,2008,35.7
Mauritania,MRT,AF,2014,32.6
Mauritius,MUS,AF,2006,35.7
Mauritius,MUS,AF,2012,38.5
Mauritius,MUS,AF,2017,36.8
Mexico,MEX,NA,1989,50.6
Mexico,MEX,NA,1992,52.6
Mexico,MEX,NA,1994,52.8
Mexico,MEX,NA,1996,53.6
Mexico,MEX,NA,1998,51.7
Mexico,MEX,NA,2000,52.6
Mexico,MEX,NA,2002,50.1
Mexico,MEX,NA,2004,50
Mexico,MEX,NA,2005,50.1
Mexico,MEX,NA,2006,48.9
Mexico,MEX,NA,2008,49.9
Mexico,MEX,NA,2010,47.2
Mexico,MEX,NA,2012,48.7
Mexico,MEX,NA,2014,48.7
Mexico,MEX,NA,2016,47.7
Mexico,MEX,NA,2018,46.7
Mexico,MEX,NA,2020,45.4
Micronesia,FSM,OC,2005,42.4
Micronesia,FSM,OC,2013,40.1
Moldova,MDA,EU,1997,36.9
Moldova,MDA,EU,1998,39.5
Moldova,MDA,EU,1999,42.6
Moldova,MDA,EU,2000,36.4
Moldova,MDA,EU,2001,38
Moldova,MDA,EU,2002,35.8
Moldova,MDA,EU,2003,34.9
Moldova,MDA,EU,2004,35
Moldova,MDA,EU,2005,36.3
Moldova,MDA,EU,2006,35.4
Moldova,MDA,EU,2007,34.4
Moldova,MDA,EU,2008,34.7
Moldova,MDA,EU,2009,32.9
Moldova,MDA,EU,2010,32.1
Moldova,MDA,EU,2011,30.6
Moldova,MDA,EU,2012,29.2
Moldova,MDA,EU,2013,28.5
Moldova,MDA,EU,2014,26.8
Moldova,MDA,EU,2015,27
Moldova,MDA,EU,2016,26.3
Moldova,MDA,EU,2017,25.9
Moldova,MDA,EU,2018,25.7
Moldova,MDA,EU,2019,26
Moldova,MDA,EU,2021,25.7
Mongolia,MNG,AS,1995,33.2
Mongolia,MNG,AS,1998,30.3
Mongolia,MNG,AS,2002,32.9
Mongolia,MNG,AS,2007,35.8
Mongolia,MNG,AS,2010,33.1
Mongolia,MNG,AS,2011,33.9
Mongolia,MNG,AS,2012,33.8
Mongolia,MNG,AS,2014,32
Mongolia,MNG,AS,2016,32.3
Mongolia,MNG,AS,2018,32.7
Montenegro,MNE,EU,2012,41.2
Montenegro,MNE,EU,2013,39
Montenegro,MNE,EU,2014,38.8
Montenegro,MNE,EU,2015,39
Montenegro,MNE,EU,2016,38.5
Montenegro,MNE,EU,2017,36.9
Montenegro,MNE,EU,2018,36.8
Morocco,MAR,AF,1984,39.2
Morocco,MAR,AF,1990,39.2
Morocco,MAR,AF,1998,39.4
Morocco,MAR,AF,2000,40.6
Morocco,MAR,AF,2006,40.7
Morocco,MAR,AF,2013,39.5
Mozambique,MOZ,AF,1996,53.6
Mozambique,MOZ,AF,2002,47
Mozambique,MOZ,AF,2008,45.6
Mozambique,MOZ,AF,2014,54
Mozambique,MOZ,AF,2019,50.5
Namibia,NAM,AF,2003,63.3
Namibia,NAM,AF,2009,61
Namibia,NAM,AF,2015,59.1
Nepal,NPL,AS,1995,35.2
Nepal,NPL,AS,2003,43.8
Nepal,NPL,AS,2010,32.8
Netherlands,NLD,EU,1983,28.4
Netherlands,NLD,EU,1987,26.8
Netherlands,NLD,EU,1990,31.1
Netherlands,NLD,EU,1993,30.4
Netherlands,NLD,EU,1999,28.1
Netherlands,NLD,EU,2004,29.8
Netherlands,NLD,EU,2005,29
Netherlands,NLD,EU,2006,30
Netherlands,NLD,EU,2007,29.6
Netherlands,NLD,EU,2008,29.3
Netherlands,NLD,EU,2009,27.9
Netherlands,NLD,EU,2010,27.8
Netherlands,NLD,EU,2011,27.8
Netherlands,NLD,EU,2012,27.6
Netherlands,NLD,EU,2013,28.1
Netherlands,NLD,EU,2014,28.6
Netherlands,NLD,EU,2015,28.2
Netherlands,NLD,EU,2016,28.2
Netherlands,NLD,EU,2017,28.5
Netherlands,NLD,EU,2018,28.1
Netherlands,NLD,EU,2019,29.2
Netherlands,NLD,EU,2020,26
Nicaragua,NIC,NA,1993,57.4
Nicaragua,NIC,NA,1998,54.4
Nicaragua,NIC,NA,2001,52.9
Nicaragua,NIC,NA,2005,48.8
Nicaragua,NIC,NA,2009,43.9
Nicaragua,NIC,NA,2014,46.2
Niger,NER,AF,1992,36.1
Niger,NER,AF,1994,41.5
Niger,NER,AF,2005,44.4
Niger,NER,AF,2007,37.3
Niger,NER,AF,2011,31.5
Niger,NER,AF,2014,34.3
Niger,NER,AF,2018,37.3
Nigeria,NGA,AF,1985,38.7
Nigeria,NGA,AF,1992,45
Nigeria,NGA,AF,1996,51.9
Nigeria,NGA,AF,2003,40.1
Nigeria,NGA,AF,2010,35.7
Nigeria,NGA,AF,2012,35.5
Nigeria,NGA,AF,2015,35.9
Nigeria,NGA,AF,2018,35.1
North Macedonia,MKD,EU,2009,42.8
North Macedonia,MKD,EU,2010,40.2
North Macedonia,MKD,EU,2011,39.4
North Macedonia,MKD,EU,2012,38.1
North Macedonia,MKD,EU,2013,36.2
North Macedonia,MKD,EU,2014,35.2
North Macedonia,MKD,EU,2015,35.6
North Macedonia,MKD,EU,2016,34.5
North Macedonia,MKD,EU,2017,34.2
North Macedonia,MKD,EU,2018,33
North Macedonia,MKD,EU,2019,33.5
Norway,NOR,EU,1979,26.9
Norway,NOR,EU,1986,24.6
Norway,NOR,EU,1991,25.2
Norway,NOR,EU,1995,26
Norway,NOR,EU,2000,27.4
Norway,NOR,EU,2003,27.6
Norway,NOR,EU,2004,31.6
Norway,NOR,EU,2005,30.6
Norway,NOR,EU,2006,26.4
Norway,NOR,EU,2007,27.1
Norway,NOR,EU,2008,27
Norway,NOR,EU,2009,26.2
Norway,NOR,EU,2010,25.7
Norway,NOR,EU,2011,25.3
Norway,NOR,EU,2012,25.7
Norway,NOR,EU,2013,26.4
Norway,NOR,EU,2014,26.8
Norway,NOR,EU,2015,27.5
Norway,NOR,EU,2016,28.5
Norway,NOR,EU,2017,27
Norway,NOR,EU,2018,27.6
Norway,NOR,EU,2019,27.7
Pakistan,PAK,AS,1987,33.3
Pakistan,PAK,AS,1990,33.2
Pakistan,PAK,AS,1996,28.7
Pakistan,PAK,AS,1998,33.1
Pakistan,PAK,AS,2001,28.7
Pakistan,PAK,AS,2004,30.9
Pakistan,PAK,AS,2005,31.3
Pakistan,PAK,AS,2007,29.7
Pakistan,PAK,AS,2010,28.8
Pakistan,PAK,AS,2011,29.7
Pakistan,PAK,AS,2013,29.5
Pakistan,PAK,AS,2015,31.3
Pakistan,PAK,AS,2018,29.6
Palestine,PS,AS,2004,34
Palestine,PS,AS,2005,34.7
Palestine,PS,AS,2006,34
Palestine,PS,AS,2007,35.6
Palestine,PS,AS,2009,34.5
Palestine,PS,AS,2010,35.3
Palestine,PS,AS,2011,34.4
Palestine,PS,AS,2016,33.7
Panama,PAN,NA,1979,48.7
Panama,PAN,NA,1989,58.9
Panama,PAN,NA,1991,58.2
Panama,PAN,NA,1995,57.8
Panama,PAN,NA,1997,58.2
Panama,PAN,NA,1998,57.5
Panama,PAN,NA,1999,56.5
Panama,PAN,NA,2000,56.6
Panama,PAN,NA,2001,56.7
Panama,PAN,NA,2002,56.1
Panama,PAN,NA,2003,55.7
Panama,PAN,NA,2004,54.8
Panama,PAN,NA,2005,53.8
Panama,PAN,NA,2006,54.6
Panama,PAN,NA,2007,52.7
Panama,PAN,NA,2008,52.7
Panama,PAN,NA,2009,51.8
Panama,PAN,NA,2010,51.6
Panama,PAN,NA,2011,51.3
Panama,PAN,NA,2012,51.7
Panama,PAN,NA,2013,51.5
Panama,PAN,NA,2014,50.5
Panama,PAN,NA,2015,50.8
Panama,PAN,NA,2016,50.4
Panama,PAN,NA,2017,49.9
Panama,PAN,NA,2018,49.2
Panama,PAN,NA,2019,49.8
Panama,PAN,NA,2021,50.9
Papua New Guinea,PNG,OC,1996,45.8
Papua New Guinea,PNG,OC,2009,41.9
Paraguay,PRY,SA,1990,40.8
Paraguay,PRY,SA,1995,58.2
Paraguay,PRY,SA,1997,54.9
Paraguay,PRY,SA,1999,54.6
Paraguay,PRY,SA,2001,54.6
Paraguay,PRY,SA,2002,57.3
Paraguay,PRY,SA,2003,54.9
Paraguay,PRY,SA,2004,52.3
Paraguay,PRY,SA,2005,51.4
Paraguay,PRY,SA,2006,53
Paraguay,PRY,SA,2007,53
Paraguay,PRY,SA,2008,50.7
Paraguay,PRY,SA,2009,49.1
Paraguay,PRY,SA,2010,51
Paraguay,PRY,SA,2011,52.3
Paraguay,PRY,SA,2012,47.6
Paraguay,PRY,SA,2013,47.9
Paraguay,PRY,SA,2014,50.7
Paraguay,PRY,SA,2015,47.6
Paraguay,PRY,SA,2016,47.9
Paraguay,PRY,SA,2017,48.5
Paraguay,PRY,SA,2018,46
Paraguay,PRY,SA,2019,45.7
Paraguay,PRY,SA,2020,43.5
Paraguay,PRY,SA,2021,42.9
Paraguay,PRY,SA,2022,45.1
Peru,PER,SA,1997,53.3
Peru,PER,SA,1998,55.1
Peru,PER,SA,1999,54.8
Peru,PER,SA,2000,49.1
Peru,PER,SA,2001,51.3
Peru,PER,SA,2002,53.6
Peru,PER,SA,2003,53.1
Peru,PER,SA,2004,49.9
Peru,PER,SA,2005,50.5
Peru,PER,SA,2006,50.3
Peru,PER,SA,2007,50
Peru,PER,SA,2008,47.5
Peru,PER,SA,2009,47
Peru,PER,SA,2010,45.5
Peru,PER,SA,2011,44.7
Peru,PER,SA,2012,44.4
Peru,PER,SA,2013,43.9
Peru,PER,SA,2014,43.1
Peru,PER,SA,2015,43.4
Peru,PER,SA,2016,43.6
Peru,PER,SA,2017,43.3
Peru,PER,SA,2018,42.4
Peru,PER,SA,2019,41.6
Peru,PER,SA,2020,43.8
Peru,PER,SA,2021,40.2
Philippines,PHL,AS,2000,47.7
Philippines,PHL,AS,2003,46.6
Philippines,PHL,AS,2006,47.2
Philippines,PHL,AS,2009,46.3
Philippines,PHL,AS,2012,46.5
Philippines,PHL,AS,2015,44.6
Philippines,PHL,AS,2018,42.3
Philippines,PHL,AS,2021,40.7
Poland,POL,EU,2004,38
Poland,POL,EU,2005,35.8
Poland,POL,EU,2006,34.7
Poland,POL,EU,2007,34
Poland,POL,EU,2008,33.5
Poland,POL,EU,2009,33.4
Poland,POL,EU,2010,33.2
Poland,POL,EU,2011,33.2
Poland,POL,EU,2012,33
Poland,POL,EU,2013,33.1
Poland,POL,EU,2014,32.8
Poland,POL,EU,2015,31.8
Poland,POL,EU,2016,31.2
Poland,POL,EU,2017,29.7
Poland,POL,EU,2018,30.2
Poland,POL,EU,2019,28.8
Portugal,PRT,EU,2003,38.8
Portugal,PRT,EU,2004,38.9
Portugal,PRT,EU,2005,38.5
Portugal,PRT,EU,2006,38.1
Portugal,PRT,EU,2007,36.8
Portugal,PRT,EU,2008,36.6
Portugal,PRT,EU,2009,34.9
Portugal,PRT,EU,2010,35.8
Portugal,PRT,EU,2011,36.3
Portugal,PRT,EU,2012,36
Portugal,PRT,EU,2013,36.2
Portugal,PRT,EU,2014,35.6
Portugal,PRT,EU,2015,35.5
Portugal,PRT,EU,2016,35.2
Portugal,PRT,EU,2017,33.8
Portugal,PRT,EU,2018,33.5
Portugal,PRT,EU,2019,32.8
Portugal,PRT,EU,2020,34.7
Republic of the Congo,COG,AF,2005,47.3
Republic of the Congo,COG,AF,2011,48.9
Romania,ROU,EU,2006,39.6
Romania,ROU,EU,2007,37.5
Romania,ROU,EU,2008,36.4
Romania,ROU,EU,2009,35.6
Romania,ROU,EU,2010,35.5
Romania,ROU,EU,2011,35.9
Romania,ROU,EU,2012,36.5
Romania,ROU,EU,2013,36.9
Romania,ROU,EU,2014,36
Romania,ROU,EU,2015,35.9
Romania,ROU,EU,2016,34.4
Romania,ROU,EU,2017,36
Romania,ROU,EU,2018,35.8
Romania,ROU,EU,2019,34.8
Romania,ROU,EU,2020,34.6
Russia,RUS,EU,1997,38.4
Russia,RUS,EU,1998,38.1
Russia,RUS,EU,1999,37.4
Russia,RUS,EU,2000,37.1
Russia,RUS,EU,2001,36.9
Russia,RUS,EU,2002,37.3
Russia,RUS,EU,2003,40
Russia,RUS,EU,2004,40.3
Russia,RUS,EU,2005,41.3
Russia,RUS,EU,2006,41
Russia,RUS,EU,2007,42.3
Russia,RUS,EU,2008,41.6
Russia,RUS,EU,2009,39.8
Russia,RUS,EU,2010,39.5
Russia,RUS,EU,2011,39.7
Russia,RUS,EU,2012,40.7
Russia,RUS,EU,2013,40.9
Russia,RUS,EU,2014,39.9
Russia,RUS,EU,2015,37.7
Russia,RUS,EU,2016,36.8
Russia,RUS,EU,2017,37.2
Russia,RUS,EU,2018,37.5
Russia,RUS,EU,2019,37.7
Russia,RUS,EU,2020,36
Rwanda,RWA,AF,2000,48.5
Rwanda,RWA,AF,2005,52
Rwanda,RWA,AF,2010,47.2
Rwanda,RWA,AF,2013,45.1
Rwanda,RWA,AF,2016,43.7
Saint Lucia,LCA,NA,1995,42.6
Saint Lucia,LCA,NA,2016,51.2
Samoa,WSM,OC,2002,40.7
Samoa,WSM,OC,2008,42
Samoa,WSM,OC,2013,38.7
Sao Tome and Principe,STP,AF,2000,32.1
Sao Tome and Principe,STP,AF,2010,30.8
Sao Tome and Principe,STP,AF,2017,40.7
Senegal,SEN,AF,1991,54.1
Senegal,SEN,AF,1994,41.4
Senegal,SEN,AF,2001,41.2
Senegal,SEN,AF,2005,39.2
Senegal,SEN,AF,2011,40.3
Senegal,SEN,AF,2018,38.3
Serbia,SRB,EU,2012,39.9
Serbia,SRB,EU,2013,39.5
Serbia,SRB,EU,2014,40.5
Serbia,SRB,EU,2015,40.5
Serbia,SRB,EU,2016,38.8
Serbia,SRB,EU,2017,36.2
Serbia,SRB,EU,2018,35
Serbia,SRB,EU,2019,34.5
Serbia,SRB,EU,2020,35
Seychelles,SYC,AF,2013,46.8
Seychelles,SYC,AF,2018,32.1
Sierra Leone,SLE,AF,2003,40.2
Sierra Leone,SLE,AF,2011,34
Sierra Leone,SLE,AF,2018,35.7
Slovakia,SVK,EU,2004,27.1
Slovakia,SVK,EU,2005,29.3
Slovakia,SVK,EU,2006,25.8
Slovakia,SVK,EU,2007,24.7
Slovakia,SVK,EU,2008,26
Slovakia,SVK,EU,2009,27.2
Slovakia,SVK,EU,2010,27.3
Slovakia,SVK,EU,2011,26.5
Slovakia,SVK,EU,2012,26.1
Slovakia,SVK,EU,2013,28.1
Slovakia,SVK,EU,2014,26.1
Slovakia,SVK,EU,2015,26.5
Slovakia,SVK,EU,2016,25.2
Slovakia,SVK,EU,2017,23.2
Slovakia,SVK,EU,2018,25
Slovakia,SVK,EU,2019,23.2
Slovenia,SVN,EU,2004,24.8
Slovenia,SVN,EU,2005,24.6
Slovenia,SVN,EU,2006,24.4
Slovenia,SVN,EU,2007,24.4
Slovenia,SVN,EU,2008,23.7
Slovenia,SVN,EU,2009,24.8
Slovenia,SVN,EU,2010,24.9
Slovenia,SVN,EU,2011,24.9
Slovenia,SVN,EU,2012,25.6
Slovenia,SVN,EU,2013,26.2
Slovenia,SVN,EU,2014,25.7
Slovenia,SVN,EU,2015,25.4
Slovenia,SVN,EU,2016,24.8
Slovenia,SVN,EU,2017,24.2
Slovenia,SVN,EU,2018,24.6
Slovenia,SVN,EU,2019,24.4
Slovenia,SVN,EU,2020,24
Solomon Islands,SLB,OC,2005,46.1
Solomon Islands,SLB,OC,2012,37.1
South Africa,ZAF,AF,1993,59.3
South Africa,ZAF,AF,2000,57.8
South Africa,ZAF,AF,2005,64.8
South Africa,ZAF,AF,2008,63
South Africa,ZAF,AF,2010,63.4
South Africa,ZAF,AF,2014,63
South Korea,KOR,AS,2006,31.7
South Korea,KOR,AS,2008,32.3
South Korea,KOR,AS,2010,32
South Korea,KOR,AS,2012,31.6
South Korea,KOR,AS,2014,31.2
South Korea,KOR,AS,2016,31.4
Spain,ESP,EU,1980,34.5
Spain,ESP,EU,1985,34.4
Spain,ESP,EU,1990,32
Spain,ESP,EU,1993,35.7
Spain,ESP,EU,1994,35.1
Spain,ESP,EU,1995,35.7
Spain,ESP,EU,1996,36.5
Spain,ESP,EU,1997,35.3
Spain,ESP,EU,1998,34.6
Spain,ESP,EU,1999,33.8
Spain,ESP,EU,2000,34.1
Spain,ESP,EU,2003,31.8
Spain,ESP,EU,2004,33.3
Spain,ESP,EU,2005,32.4
Spain,ESP,EU,2006,33.5
Spain,ESP,EU,2007,34.1
Spain,ESP,EU,2008,34.2
Spain,ESP,EU,2009,34.9
Spain,ESP,EU,2010,35.2
Spain,ESP,EU,2011,35.7
Spain,ESP,EU,2012,35.4
Spain,ESP,EU,2013,36.2
Spain,ESP,EU,2014,36.1
Spain,ESP,EU,2015,36.2
Spain,ESP,EU,2016,35.8
Spain,ESP,EU,2017,34.7
Spain,ESP,EU,2018,34.7
Spain,ESP,EU,2019,34.3
Spain,ESP,EU,2020,34.9
Sri Lanka,LKA,AS,1985,32.5
Sri Lanka,LKA,AS,1990,32.4
Sri Lanka,LKA,AS,1995,35.4
Sri Lanka,LKA,AS,2002,40.2
Sri Lanka,LKA,AS,2006,39.7
Sri Lanka,LKA,AS,2009,36.1
Sri Lanka,LKA,AS,2012,38.7
Sri Lanka,LKA,AS,2016,39.3
Sri Lanka,LKA,AS,2019,37.7
Sudan,SDN,AF,2009,35.4
Sudan,SDN,AF,2014,34.2
Suriname,SUR,SA,1999,57.9
Swaziland,SWZ,AF,1994,60.5
Swaziland,SWZ,AF,2000,53.1
Swaziland,SWZ,AF,2009,51.5
Swaziland,SWZ,AF,2016,54.6
Sweden,SWE,EU,1975,24.3
Sweden,SWE,EU,1981,22.9
Sweden,SWE,EU,1987,23.1
Sweden,SWE,EU,1992,24.9
Sweden,SWE,EU,1995,25.2
Sweden,SWE,EU,2000,27.2
Sweden,SWE,EU,2002,25.8
Sweden,SWE,EU,2003,25.3
Sweden,SWE,EU,2004,26.1
Sweden,SWE,EU,2005,26.8
Sweden,SWE,EU,2006,26.4
Sweden,SWE,EU,2007,27.1
Sweden,SWE,EU,2008,28.1
Sweden,SWE,EU,2009,27.3
Sweden,SWE,EU,2010,27.7
Sweden,SWE,EU,2011,27.6
Sweden,SWE,EU,2012,27.6
Sweden,SWE,EU,2013,28.8
Sweden,SWE,EU,2014,28.4
Sweden,SWE,EU,2015,29.2
Sweden,SWE,EU,2016,29.6
Sweden,SWE,EU,2017,28.8
Sweden,SWE,EU,2018,30
Sweden,SWE,EU,2019,29.3
Sweden,SWE,EU,2020,28.9
Switzerland,CHE,EU,1982,36
Switzerland,CHE,EU,1992,33.9
Switzerland,CHE,EU,2000,33.4
Switzerland,CHE,EU,2002,31.7
Switzerland,CHE,EU,2006,33.9
Switzerland,CHE,EU,2007,34.3
Switzerland,CHE,EU,2008,33.8
Switzerland,CHE,EU,2009,32.9
Switzerland,CHE,EU,2010,32.6
Switzerland,CHE,EU,2011,31.7
Switzerland,CHE,EU,2012,31.6
Switzerland,CHE,EU,2013,32.5
Switzerland,CHE,EU,2014,32.5
Switzerland,CHE,EU,2015,32.3
Switzerland,CHE,EU,2016,33
Switzerland,CHE,EU,2017,32.7
Switzerland,CHE,EU,2018,33.1
Syria,SYR,AS,1996,35.2
Syria,SYR,AS,2003,37.5
Tajikistan,TJK,AS,1999,29.5
Tajikistan,TJK,AS,2003,32.7
Tajikistan,TJK,AS,2004,33.6
Tajikistan,TJK,AS,2007,32.2
Tajikistan,TJK,AS,2009,30.8
Tajikistan,TJK,AS,2015,34
Tanzania,TZA,AF,1991,35.3
Tanzania,TZA,AF,2000,37.3
Tanzania,TZA,AF,2007,40.3
Tanzania,TZA,AF,2011,37.8
Tanzania,TZA,AF,2018,40.5
Thailand,THA,AS,1981,45.2
Thailand,THA,AS,1988,43.8
Thailand,THA,AS,1990,45.3
Thailand,THA,AS,1992,47.9
Thailand,THA,AS,1994,43.5
Thailand,THA,AS,1996,42.9
Thailand,THA,AS,1998,41.5
Thailand,THA,AS,1999,43.1
Thailand,THA,AS,2000,42.8
Thailand,THA,AS,2002,41.9
Thailand,THA,AS,2004,42.5
Thailand,THA,AS,2006,41.8
Thailand,THA,AS,2007,39.8
Thailand,THA,AS,2008,40.3
Thailand,THA,AS,2009,39.6
Thailand,THA,AS,2010,39.4
Thailand,THA,AS,2011,37.5
Thailand,THA,AS,2012,39.3
Thailand,THA,AS,2013,37.8
Thailand,THA,AS,2014,37
Thailand,THA,AS,2015,36
Thailand,THA,AS,2016,36.9
Thailand,THA,AS,2017,36.5
Thailand,THA,AS,2018,36.4
Thailand,THA,AS,2019,34.9
Thailand,THA,AS,2020,35
Thailand,THA,AS,2021,35.1
Togo,TGO,AF,2006,42.2
Togo,TGO,AF,2011,46
Togo,TGO,AF,2015,43.1
Togo,TGO,AF,2018,42.5
Tonga,TON,OC,2000,37.7
Tonga,TON,OC,2009,37.5
Tonga,TON,OC,2015,33.5
Trinidad and Tobago,TTO,NA,1988,42.6
Trinidad and Tobago,TTO,NA,1992,40.3
Tunisia,TUN,AF,1985,43.4
Tunisia,TUN,AF,1990,40.2
Tunisia,TUN,AF,1995,41.7
Tunisia,TUN,AF,2000,40.8
Tunisia,TUN,AF,2005,37.7
Tunisia,TUN,AF,2010,35.8
Tunisia,TUN,AF,2015,32.8
Turkey,TUR,EU,1987,43.5
Turkey,TUR,EU,1994,41.3
Turkey,TUR,EU,2002,41.4
Turkey,TUR,EU,2003,42.2
Turkey,TUR,EU,2004,41.3
Turkey,TUR,EU,2005,42.6
Turkey,TUR,EU,2006,39.6
Turkey,TUR,EU,2007,38.4
Turkey,TUR,EU,2008,39
Turkey,TUR,EU,2009,39
Turkey,TUR,EU,2010,38.8
Turkey,TUR,EU,2011,40
Turkey,TUR,EU,2012,40.2
Turkey,TUR,EU,2013,40.2
Turkey,TUR,EU,2014,41.2
Turkey,TUR,EU,2015,42.9
Turkey,TUR,EU,2016,41.9
Turkey,TUR,EU,2017,41.4
Turkey,TUR,EU,2018,41.9
Turkey,TUR,EU,2019,41.9
Turkmenistan,TKM,AS,1998,40.8
Tuvalu,TUV,OC,2010,39.1
Uganda,UGA,AF,1989,44.4
Uganda,UGA,AF,1992,41.4
Uganda,UGA,AF,1996,39
Uganda,UGA,AF,1999,43
Uganda,UGA,AF,2002,45.2
Uganda,UGA,AF,2005,42.9
Uganda,UGA,AF,2009,44.2
Uganda,UGA,AF,2012,41
Uganda,UGA,AF,2016,42.8
Uganda,UGA,AF,2019,42.7
Ukraine,UKR,EU,1992,29.7
Ukraine,UKR,EU,1993,28.9
Ukraine,UKR,EU,1995,39.3
Ukraine,UKR,EU,1996,35.2
Ukraine,UKR,EU,2002,29
Ukraine,UKR,EU,2003,28.7
Ukraine,UKR,EU,2004,28.9
Ukraine,UKR,EU,2005,29
Ukraine,UKR,EU,2006,29.8
Ukraine,UKR,EU,2007,27
Ukraine,UKR,EU,2008,26.6
Ukraine,UKR,EU,2009,25.3
Ukraine,UKR,EU,2010,24.8
Ukraine,UKR,EU,2011,24.6
Ukraine,UKR,EU,2012,24.7
Ukraine,UKR,EU,2013,24.6
Ukraine,UKR,EU,2014,24
Ukraine,UKR,EU,2015,25.5
Ukraine,UKR,EU,2016,25
Ukraine,UKR,EU,2017,26
Ukraine,UKR,EU,2018,26.1
Ukraine,UKR,EU,2019,26.6
Ukraine,UKR,EU,2020,25.6
United Arab Emirates,ARE,AS,2013,32.5
United Arab Emirates,ARE,AS,2018,26
United Kingdom,GBR,EU,1968,26.8
United Kingdom,GBR,EU,1969,27.9
United Kingdom,GBR,EU,1970,28
United Kingdom,GBR,EU,1971,29.3
United Kingdom,GBR,EU,1972,28.8
United Kingdom,GBR,EU,1973,28.8
United Kingdom,GBR,EU,1974,29
United Kingdom,GBR,EU,1975,27.9
United Kingdom,GBR,EU,1976,27.6
United Kingdom,GBR,EU,1977,27.1
United Kingdom,GBR,EU,1978,27.2
United Kingdom,GBR,EU,1979,27.4
United Kingdom,GBR,EU,1980,28.5
United Kingdom,GBR,EU,1981,29.7
United Kingdom,GBR,EU,1982,29.9
United Kingdom,GBR,EU,1983,29.8
United Kingdom,GBR,EU,1984,29.2
United Kingdom,GBR,EU,1985,30.4
United Kingdom,GBR,EU,1986,31.9
United Kingdom,GBR,EU,1987,33.9
United Kingdom,GBR,EU,1988,34.3
United Kingdom,GBR,EU,1989,33.4
United Kingdom,GBR,EU,1990,35.7
United Kingdom,GBR,EU,1991,35
United Kingdom,GBR,EU,1992,35
United Kingdom,GBR,EU,1993,35.1
United Kingdom,GBR,EU,1994,36
United Kingdom,GBR,EU,1995,35.5
United Kingdom,GBR,EU,1996,35.3
United Kingdom,GBR,EU,1997,35.7
United Kingdom,GBR,EU,1998,36.6
United Kingdom,GBR,EU,1999,36.8
United Kingdom,GBR,EU,2000,38.8
United Kingdom,GBR,EU,2001,37.1
United Kingdom,GBR,EU,2002,35.1
United Kingdom,GBR,EU,2003,34.9
United Kingdom,GBR,EU,2004,34.8
United Kingdom,GBR,EU,2005,35.5
United Kingdom,GBR,EU,2006,35.9
United Kingdom,GBR,EU,2007,34.4
United Kingdom,GBR,EU,2008,35.4
United Kingdom,GBR,EU,2009,35.1
United Kingdom,GBR,EU,2010,33.7
United Kingdom,GBR,EU,2011,33.2
United Kingdom,GBR,EU,2012,33.1
United Kingdom,GBR,EU,2013,32.7
United Kingdom,GBR,EU,2014,33.1
United Kingdom,GBR,EU,2015,33.3
United Kingdom,GBR,EU,2016,33.1
United Kingdom,GBR,EU,2017,32.6
United Kingdom,GBR,EU,2018,33.7
United Kingdom,GBR,EU,2019,32.8
United Kingdom,GBR,EU,2020,32.6
Uruguay,URY,SA,2006,45.9
Uruguay,URY,SA,2007,46.4
Uruguay,URY,SA,2008,45.1
Uruguay,URY,SA,2009,45.5
Uruguay,URY,SA,2010,44.5
Uruguay,URY,SA,2011,42.2
Uruguay,URY,SA,2012,39.9
Uruguay,URY,SA,2013,40.5
Uruguay,URY,SA,2014,40.1
Uruguay,URY,SA,2015,40.1
Uruguay,URY,SA,2016,39.7
Uruguay,URY,SA,2017,39.5
Uruguay,URY,SA,2018,39.7
Uruguay,URY,SA,2019,39.7
Uruguay,URY,SA,2020,40.2
Uruguay,URY,SA,2021,40.8
USA,USA,NA,1963,37.6
USA,USA,NA,1964,38.1
USA,USA,NA,1965,37.5
USA,USA,NA,1966,37.8
USA,USA,NA,1967,36.9
USA,USA,NA,1968,36.3
USA,USA,NA,1969,36
USA,USA,NA,1970,36.6
USA,USA,NA,1971,36.9
USA,USA,NA,1972,36.7
USA,USA,NA,1973,36.1
USA,USA,NA,1974,35.5
USA,USA,NA,1975,35.7
USA,USA,NA,1976,35.6
USA,USA,NA,1977,35.5
USA,USA,NA,1978,34.8
USA,USA,NA,1979,34.8
USA,USA,NA,1980,34.7
USA,USA,NA,1981,35.5
USA,USA,NA,1982,36.7
USA,USA,NA,1983,37.3
USA,USA,NA,1984,37.3
USA,USA,NA,1985,37.6
USA,USA,NA,1986,37.6
USA,USA,NA,1987,37.2
USA,USA,NA,1988,37.7
USA,USA,NA,1989,38.2
USA,USA,NA,1990,38.3
USA,USA,NA,1991,38
USA,USA,NA,1992,38.4
USA,USA,NA,1993,40.4
USA,USA,NA,1994,40
USA,USA,NA,1995,39.9
USA,USA,NA,1996,40.3
USA,USA,NA,1997,40.5
USA,USA,NA,1998,40
USA,USA,NA,1999,40
USA,USA,NA,2000,40.1
USA,USA,NA,2001,40.6
USA,USA,NA,2002,40.4
USA,USA,NA,2003,40.8
USA,USA,NA,2004,40.3
USA,USA,NA,2005,41
USA,USA,NA,2006,41.4
USA,USA,NA,2007,40.8
USA,USA,NA,2008,40.8
USA,USA,NA,2009,40.6
USA,USA,NA,2010,40
USA,USA,NA,2011,40.9
USA,USA,NA,2012,40.9
USA,USA,NA,2013,40.7
USA,USA,NA,2014,41.5
USA,USA,NA,2015,41.2
USA,USA,NA,2016,41.1
USA,USA,NA,2017,41.2
USA,USA,NA,2018,41.4
USA,USA,NA,2019,41.5
USA,USA,NA,2020,39.7
USA,USA,NA,2021,39.8
Uzbekistan,UZB,AS,1998,44.7
Uzbekistan,UZB,AS,2000,36.1
Uzbekistan,UZB,AS,2002,33
Uzbekistan,UZB,AS,2003,35.3
Vanuatu,VUT,OC,2010,37.4
Vanuatu,VUT,OC,2019,32.3
Venezuela,VEN,SA,1981,55.6
Venezuela,VEN,SA,1987,53.4
Venezuela,VEN,SA,1989,43.8
Venezuela,VEN,SA,1992,42.1
Venezuela,VEN,SA,1995,47.2
Venezuela,VEN,SA,1998,48.1
Venezuela,VEN,SA,1999,47.8
Venezuela,VEN,SA,2001,47.2
Venezuela,VEN,SA,2002,49
Venezuela,VEN,SA,2003,48.1
Venezuela,VEN,SA,2004,47.5
Venezuela,VEN,SA,2005,49.5
Venezuela,VEN,SA,2006,44.8
Vietnam,VNM,AS,1992,35.7
Vietnam,VNM,AS,1997,35.4
Vietnam,VNM,AS,2002,37
Vietnam,VNM,AS,2004,36.8
Vietnam,VNM,AS,2006,35.8
Vietnam,VNM,AS,2008,35.6
Vietnam,VNM,AS,2010,39.3
Vietnam,VNM,AS,2012,35.6
Vietnam,VNM,AS,2014,34.8
Vietnam,VNM,AS,2016,35.3
Vietnam,VNM,AS,2018,35.7
Vietnam,VNM,AS,2020,36.8
Yemen,YEM,AS,1998,35
Yemen,YEM,AS,2005,34.7
Yemen,YEM,AS,2014,36.7
Zambia,ZMB,AF,1991,60.5
Zambia,ZMB,AF,1993,52.6
Zambia,ZMB,AF,1996,48.3
Zambia,ZMB,AF,1998,49.1
Zambia,ZMB,AF,2002,42.1
Zambia,ZMB,AF,2004,54.3
Zambia,ZMB,AF,2006,54.6
Zambia,ZMB,AF,2010,52
Zambia,ZMB,AF,2015,55.9
Zimbabwe,ZWE,AF,2011,43.2
Zimbabwe,ZWE,AF,2017,44.3
Zimbabwe,ZWE,AF,2019,50.3
