Country,Code,ContinentCode,Year,Number of prisoners per 100000 people
Afghanistan,AFG,AS,2004,22
Afghanistan,AFG,AS,2007,41
Afghanistan,AFG,AS,2010,65
Afghanistan,AFG,AS,2012,85
Afghanistan,AFG,AS,2014,84
Afghanistan,AFG,AS,2017,84
Albania,ALB,EU,2003,82
Albania,ALB,EU,2004,75
Albania,ALB,EU,2005,84
Albania,ALB,EU,2006,94
Albania,ALB,EU,2007,93
Albania,ALB,EU,2008,166
Albania,ALB,EU,2009,159
Albania,ALB,EU,2010,161
Albania,ALB,EU,2011,161
Albania,ALB,EU,2012,160
Albania,ALB,EU,2013,173
Albania,ALB,EU,2014,197
Albania,ALB,EU,2015,206
Albania,ALB,EU,2016,206
Albania,ALB,EU,2017,194
Algeria,DZA,AF,2003,123
Algeria,DZA,AF,2004,135
Algeria,DZA,AF,2005,132
Algeria,DZA,AF,2006,160
Algeria,DZA,AF,2007,161
Algeria,DZA,AF,2008,160
Algeria,DZA,AF,2010,136
Algeria,DZA,AF,2011,136
Algeria,DZA,AF,2012,134
Algeria,DZA,AF,2013,158
Algeria,DZA,AF,2014,157
Algeria,DZA,AF,2015,157
Algeria,DZA,AF,2017,145
Andorra,AND,EU,2003,82
Andorra,AND,EU,2006,36
Andorra,AND,EU,2007,84
Andorra,AND,EU,2008,85
Andorra,AND,EU,2009,64
Andorra,AND,EU,2010,52
Andorra,AND,EU,2011,60
Andorra,AND,EU,2012,45
Andorra,AND,EU,2013,57
Andorra,AND,EU,2014,73
Andorra,AND,EU,2015,58
Andorra,AND,EU,2017,68
Angola,AGO,AF,2003,36
Angola,AGO,AF,2005,46
Angola,AGO,AF,2009,79
Angola,AGO,AF,2013,92
Angola,AGO,AF,2014,94
Angola,AGO,AF,2015,97
Antigua and Barbuda,ATG,NA,2005,235
Antigua and Barbuda,ATG,NA,2006,211
Antigua and Barbuda,ATG,NA,2008,244
Antigua and Barbuda,ATG,NA,2010,338
Antigua and Barbuda,ATG,NA,2013,412
Antigua and Barbuda,ATG,NA,2014,364
Antigua and Barbuda,ATG,NA,2016,311
Antigua and Barbuda,ATG,NA,2017,299
Argentina,ARG,SA,2004,141
Argentina,ARG,SA,2005,142
Argentina,ARG,SA,2006,137
Argentina,ARG,SA,2007,131
Argentina,ARG,SA,2008,135
Argentina,ARG,SA,2009,141
Argentina,ARG,SA,2010,144
Argentina,ARG,SA,2011,146
Argentina,ARG,SA,2012,148
Argentina,ARG,SA,2013,151
Argentina,ARG,SA,2014,161
Argentina,ARG,SA,2015,167
Argentina,ARG,SA,2016,174
Argentina,ARG,SA,2017,193
Armenia,ARM,AS,2004,94
Armenia,ARM,AS,2005,90
Armenia,ARM,AS,2006,96
Armenia,ARM,AS,2007,103
Armenia,ARM,AS,2008,119
Armenia,ARM,AS,2009,134
Armenia,ARM,AS,2010,146
Armenia,ARM,AS,2011,173
Armenia,ARM,AS,2012,160
Armenia,ARM,AS,2013,131
Armenia,ARM,AS,2014,129
Armenia,ARM,AS,2015,128
Armenia,ARM,AS,2016,131
Armenia,ARM,AS,2017,121
Aruba,ABW,NA,2005,231
Aruba,ABW,NA,2011,241
Aruba,ABW,NA,2012,230
Aruba,ABW,NA,2014,164
Australia,AUS,OC,2003,119
Australia,AUS,OC,2004,121
Australia,AUS,OC,2005,125
Australia,AUS,OC,2007,130
Australia,AUS,OC,2008,129
Australia,AUS,OC,2009,135
Australia,AUS,OC,2010,134
Australia,AUS,OC,2011,129
Australia,AUS,OC,2012,128
Australia,AUS,OC,2013,132
Australia,AUS,OC,2014,143
Australia,AUS,OC,2015,151
Australia,AUS,OC,2016,161
Australia,AUS,OC,2017,169
Austria,AUT,EU,2003,100
Austria,AUT,EU,2005,109
Austria,AUT,EU,2006,109
Austria,AUT,EU,2007,109
Austria,AUT,EU,2008,99
Austria,AUT,EU,2009,104
Austria,AUT,EU,2010,105
Austria,AUT,EU,2011,106
Austria,AUT,EU,2012,104
Austria,AUT,EU,2013,104
Austria,AUT,EU,2014,102
Austria,AUT,EU,2016,99
Austria,AUT,EU,2017,100
Azerbaijan,AZE,AS,2003,213
Azerbaijan,AZE,AS,2004,219
Azerbaijan,AZE,AS,2005,208
Azerbaijan,AZE,AS,2006,215
Azerbaijan,AZE,AS,2007,223
Azerbaijan,AZE,AS,2008,237
Azerbaijan,AZE,AS,2009,230
Azerbaijan,AZE,AS,2010,241
Azerbaijan,AZE,AS,2011,223
Azerbaijan,AZE,AS,2012,222
Azerbaijan,AZE,AS,2013,218
Azerbaijan,AZE,AS,2014,234
Azerbaijan,AZE,AS,2016,240
Azerbaijan,AZE,AS,2017,237
Bahamas,BHS,NA,2004,877
Bahamas,BHS,NA,2005,880
Bahamas,BHS,NA,2006,720
Bahamas,BHS,NA,2007,387
Bahamas,BHS,NA,2008,379
Bahamas,BHS,NA,2009,352
Bahamas,BHS,NA,2010,354
Bahamas,BHS,NA,2011,371
Bahamas,BHS,NA,2012,385
Bahamas,BHS,NA,2014,364
Bahamas,BHS,NA,2016,442
Bahrain,BHR,AS,2003,57
Bahrain,BHR,AS,2004,87
Bahrain,BHR,AS,2005,59
Bahrain,BHR,AS,2006,56
Bahrain,BHR,AS,2007,348
Bahrain,BHR,AS,2008,278
Bahrain,BHR,AS,2010,87
Bahrain,BHR,AS,2012,173
Bahrain,BHR,AS,2013,299
Bahrain,BHR,AS,2017,233
Bangladesh,BGD,AS,2004,53
Bangladesh,BGD,AS,2005,51
Bangladesh,BGD,AS,2006,46
Bangladesh,BGD,AS,2008,56
Bangladesh,BGD,AS,2010,46
Bangladesh,BGD,AS,2013,46
Bangladesh,BGD,AS,2015,43
Bangladesh,BGD,AS,2017,54
Barbados,BRB,NA,2003,364
Barbados,BRB,NA,2005,364
Barbados,BRB,NA,2007,366
Barbados,BRB,NA,2008,377
Barbados,BRB,NA,2009,323
Barbados,BRB,NA,2010,326
Barbados,BRB,NA,2011,378
Barbados,BRB,NA,2012,371
Barbados,BRB,NA,2013,321
Barbados,BRB,NA,2014,305
Barbados,BRB,NA,2015,336
Barbados,BRB,NA,2017,306
Belarus,BLR,EU,2003,498
Belarus,BLR,EU,2004,442
Belarus,BLR,EU,2005,431
Belarus,BLR,EU,2006,473
Belarus,BLR,EU,2007,490
Belarus,BLR,EU,2008,466
Belarus,BLR,EU,2009,423
Belarus,BLR,EU,2010,418
Belarus,BLR,EU,2011,386
Belarus,BLR,EU,2012,304
Belarus,BLR,EU,2013,300
Belarus,BLR,EU,2014,313
Belarus,BLR,EU,2017,343
Belgium,BEL,EU,2004,88
Belgium,BEL,EU,2005,89
Belgium,BEL,EU,2006,90
Belgium,BEL,EU,2008,93
Belgium,BEL,EU,2010,97
Belgium,BEL,EU,2013,109
Belgium,BEL,EU,2014,105
Belgium,BEL,EU,2015,97
Belgium,BEL,EU,2017,88
Belize,BLZ,NA,2003,399
Belize,BLZ,NA,2005,487
Belize,BLZ,NA,2006,460
Belize,BLZ,NA,2008,436
Belize,BLZ,NA,2009,886
Belize,BLZ,NA,2010,442
Belize,BLZ,NA,2011,424
Belize,BLZ,NA,2012,464
Belize,BLZ,NA,2014,741
Belize,BLZ,NA,2016,517
Belize,BLZ,NA,2017,346
Benin,BEN,AF,2006,69
Benin,BEN,AF,2008,68
Benin,BEN,AF,2010,73
Benin,BEN,AF,2012,72
Benin,BEN,AF,2014,67
Benin,BEN,AF,2017,70
Bermuda,BMU,NA,2003,501
Bermuda,BMU,NA,2004,560
Bermuda,BMU,NA,2006,469
Bermuda,BMU,NA,2007,402
Bermuda,BMU,NA,2009,432
Bermuda,BMU,NA,2010,433
Bermuda,BMU,NA,2012,429
Bermuda,BMU,NA,2014,369
Bhutan,BTN,AS,2011,137
Bhutan,BTN,AS,2012,146
Bhutan,BTN,AS,2013,144
Bhutan,BTN,AS,2014,146
Bolivia,BOL,SA,2003,77
Bolivia,BOL,SA,2005,80
Bolivia,BOL,SA,2006,79
Bolivia,BOL,SA,2007,80
Bolivia,BOL,SA,2008,77
Bolivia,BOL,SA,2009,83
Bolivia,BOL,SA,2010,90
Bolivia,BOL,SA,2011,111
Bolivia,BOL,SA,2012,139
Bolivia,BOL,SA,2013,142
Bolivia,BOL,SA,2014,135
Bolivia,BOL,SA,2016,147
Bolivia,BOL,SA,2017,162
Bosnia and Herzegovina,BIH,EU,2003,60
Bosnia and Herzegovina,BIH,EU,2004,67
Bosnia and Herzegovina,BIH,EU,2006,65
Bosnia and Herzegovina,BIH,EU,2008,70
Bosnia and Herzegovina,BIH,EU,2010,72
Bosnia and Herzegovina,BIH,EU,2011,72
Bosnia and Herzegovina,BIH,EU,2013,76
Bosnia and Herzegovina,BIH,EU,2014,74
Bosnia and Herzegovina,BIH,EU,2015,72
Botswana,BWA,AF,2003,325
Botswana,BWA,AF,2004,594
Botswana,BWA,AF,2005,525
Botswana,BWA,AF,2006,516
Botswana,BWA,AF,2007,462
Botswana,BWA,AF,2008,451
Botswana,BWA,AF,2009,434
Botswana,BWA,AF,2010,342
Botswana,BWA,AF,2011,226
Botswana,BWA,AF,2012,199
Botswana,BWA,AF,2013,176
Botswana,BWA,AF,2014,186
Botswana,BWA,AF,2015,175
Botswana,BWA,AF,2017,189
Brazil,BRA,SA,2003,155
Brazil,BRA,SA,2005,192
Brazil,BRA,SA,2006,210
Brazil,BRA,SA,2007,219
Brazil,BRA,SA,2008,232
Brazil,BRA,SA,2009,250
Brazil,BRA,SA,2010,259
Brazil,BRA,SA,2011,267
Brazil,BRA,SA,2012,282
Brazil,BRA,SA,2013,297
Brazil,BRA,SA,2014,295
Brazil,BRA,SA,2015,299
Brazil,BRA,SA,2016,350
Brazil,BRA,SA,2017,335
Brunei,BRN,AS,2003,131
Brunei,BRN,AS,2004,125
Brunei,BRN,AS,2005,136
Brunei,BRN,AS,2007,130
Brunei,BRN,AS,2010,96
Brunei,BRN,AS,2012,125
Brunei,BRN,AS,2014,142
Brunei,BRN,AS,2015,134
Bulgaria,BGR,EU,2003,129
Bulgaria,BGR,EU,2004,140
Bulgaria,BGR,EU,2005,149
Bulgaria,BGR,EU,2006,145
Bulgaria,BGR,EU,2007,136
Bulgaria,BGR,EU,2008,125
Bulgaria,BGR,EU,2009,121
Bulgaria,BGR,EU,2010,127
Bulgaria,BGR,EU,2011,134
Bulgaria,BGR,EU,2012,130
Bulgaria,BGR,EU,2013,122
Bulgaria,BGR,EU,2014,109
Bulgaria,BGR,EU,2015,104
Bulgaria,BGR,EU,2016,103
Bulgaria,BGR,EU,2017,99
Burkina Faso,BFA,AF,2005,25
Burkina Faso,BFA,AF,2007,30
Burkina Faso,BFA,AF,2010,33
Burkina Faso,BFA,AF,2011,31
Burkina Faso,BFA,AF,2012,30
Burkina Faso,BFA,AF,2014,39
Burkina Faso,BFA,AF,2015,42
Burma (Myanmar),MMR,AS,2004,121
Burma (Myanmar),MMR,AS,2007,128
Burma (Myanmar),MMR,AS,2009,117
Burma (Myanmar),MMR,AS,2013,113
Burma (Myanmar),MMR,AS,2016,151
Burma (Myanmar),MMR,AS,2017,149
Burundi,BDI,AF,2003,107
Burundi,BDI,AF,2005,90
Burundi,BDI,AF,2006,101
Burundi,BDI,AF,2007,98
Burundi,BDI,AF,2008,113
Burundi,BDI,AF,2009,118
Burundi,BDI,AF,2010,104
Burundi,BDI,AF,2011,107
Burundi,BDI,AF,2012,63
Burundi,BDI,AF,2013,74
Burundi,BDI,AF,2014,70
Burundi,BDI,AF,2015,78
Burundi,BDI,AF,2016,96
Burundi,BDI,AF,2017,93
Cambodia,KHM,AS,2004,52
Cambodia,KHM,AS,2005,61
Cambodia,KHM,AS,2007,75
Cambodia,KHM,AS,2010,98
Cambodia,KHM,AS,2012,104
Cambodia,KHM,AS,2014,99
Cambodia,KHM,AS,2017,194
Cameroon,CMR,AF,2002,119
Cameroon,CMR,AF,2003,116
Cameroon,CMR,AF,2005,125
Cameroon,CMR,AF,2009,116
Cameroon,CMR,AF,2010,115
Cameroon,CMR,AF,2011,108
Cameroon,CMR,AF,2012,106
Cameroon,CMR,AF,2013,114
Cameroon,CMR,AF,2014,114
Cameroon,CMR,AF,2015,114
Canada,CAN,NA,2003,108
Canada,CAN,NA,2004,106
Canada,CAN,NA,2005,109
Canada,CAN,NA,2006,115
Canada,CAN,NA,2007,117
Canada,CAN,NA,2008,117
Canada,CAN,NA,2009,116
Canada,CAN,NA,2010,117
Canada,CAN,NA,2011,118
Canada,CAN,NA,2012,118
Canada,CAN,NA,2014,113
Canada,CAN,NA,2016,104
Cape Verde,CPV,AF,2007,275
Cape Verde,CPV,AF,2010,250
Cape Verde,CPV,AF,2012,269
Cape Verde,CPV,AF,2013,283
Cape Verde,CPV,AF,2016,291
Cape Verde,CPV,AF,2017,282
Central African Republic,CAF,AF,2015,16
Chad,TCD,AF,2005,34
Chad,TCD,AF,2010,40
Chad,TCD,AF,2011,39
Chad,TCD,AF,2012,38
Chile,CHL,SA,2003,242
Chile,CHL,SA,2004,239
Chile,CHL,SA,2005,241
Chile,CHL,SA,2006,261
Chile,CHL,SA,2007,292
Chile,CHL,SA,2008,322
Chile,CHL,SA,2009,345
Chile,CHL,SA,2010,354
Chile,CHL,SA,2011,345
Chile,CHL,SA,2012,324
Chile,CHL,SA,2013,302
Chile,CHL,SA,2014,277
Chile,CHL,SA,2015,266
Chile,CHL,SA,2016,273
Chile,CHL,SA,2017,231
China,CHN,AS,2003,120
China,CHN,AS,2005,120
China,CHN,AS,2010,123
China,CHN,AS,2011,122
China,CHN,AS,2012,122
China,CHN,AS,2013,123
China,CHN,AS,2014,120
China,CHN,AS,2016,111
Colombia,COL,SA,2003,148
Colombia,COL,SA,2004,159
Colombia,COL,SA,2005,154
Colombia,COL,SA,2006,137
Colombia,COL,SA,2007,143
Colombia,COL,SA,2008,156
Colombia,COL,SA,2009,167
Colombia,COL,SA,2010,184
Colombia,COL,SA,2011,217
Colombia,COL,SA,2012,243
Colombia,COL,SA,2013,254
Colombia,COL,SA,2014,238
Colombia,COL,SA,2016,244
Colombia,COL,SA,2017,244
Comoros,COM,AF,2009,22
Comoros,COM,AF,2010,19
Comoros,COM,AF,2012,16
Comoros,COM,AF,2015,18
Comoros,COM,AF,2017,23
Costa Rica,CRC,NA,2004,216
Costa Rica,CRC,NA,2005,208
Costa Rica,CRC,NA,2006,179
Costa Rica,CRC,NA,2007,172
Costa Rica,CRC,NA,2008,186
Costa Rica,CRC,NA,2009,210
Costa Rica,CRC,NA,2010,232
Costa Rica,CRC,NA,2011,264
Costa Rica,CRC,NA,2012,288
Costa Rica,CRC,NA,2013,290
Costa Rica,CRC,NA,2014,291
Costa Rica,CRC,NA,2015,291
Costa Rica,CRC,NA,2016,275
Costa Rica,CRC,NA,2017,290
Croatia,HRV,EU,2003,64
Croatia,HRV,EU,2004,69
Croatia,HRV,EU,2005,80
Croatia,HRV,EU,2006,88
Croatia,HRV,EU,2007,99
Croatia,HRV,EU,2008,109
Croatia,HRV,EU,2009,113
Croatia,HRV,EU,2010,120
Croatia,HRV,EU,2011,118
Croatia,HRV,EU,2012,111
Croatia,HRV,EU,2013,102
Croatia,HRV,EU,2014,88
Croatia,HRV,EU,2015,79
Croatia,HRV,EU,2016,74
Cuba,CUB,NA,2003,490
Cuba,CUB,NA,2006,532
Cuba,CUB,NA,2012,506
Cyprus,CYP,EU,2003,36
Cyprus,CYP,EU,2004,45
Cyprus,CYP,EU,2005,49
Cyprus,CYP,EU,2006,55
Cyprus,CYP,EU,2007,52
Cyprus,CYP,EU,2008,61
Cyprus,CYP,EU,2009,53
Cyprus,CYP,EU,2010,58
Cyprus,CYP,EU,2011,56
Cyprus,CYP,EU,2012,60
Cyprus,CYP,EU,2013,48
Cyprus,CYP,EU,2014,46
Cyprus,CYP,EU,2015,47
Cyprus,CYP,EU,2017,50
Czechia,CZE,EU,2003,170
Czechia,CZE,EU,2004,180
Czechia,CZE,EU,2005,185
Czechia,CZE,EU,2006,181
Czechia,CZE,EU,2007,183
Czechia,CZE,EU,2008,197
Czechia,CZE,EU,2009,209
Czechia,CZE,EU,2010,208
Czechia,CZE,EU,2011,220
Czechia,CZE,EU,2012,215
Czechia,CZE,EU,2013,158
Czechia,CZE,EU,2014,177
Czechia,CZE,EU,2015,198
Czechia,CZE,EU,2016,212
Czechia,CZE,EU,2017,209
Democratic Republic of the Congo,COD,AF,2004,55
Democratic Republic of the Congo,COD,AF,2010,33
Democratic Republic of the Congo,COD,AF,2013,30
Democratic Republic of the Congo,COD,AF,2015,27
Denmark,DNK,EU,2003,68
Denmark,DNK,EU,2004,70
Denmark,DNK,EU,2005,75
Denmark,DNK,EU,2006,72
Denmark,DNK,EU,2007,66
Denmark,DNK,EU,2008,63
Denmark,DNK,EU,2009,67
Denmark,DNK,EU,2010,71
Denmark,DNK,EU,2011,71
Denmark,DNK,EU,2012,68
Denmark,DNK,EU,2013,73
Denmark,DNK,EU,2014,63
Denmark,DNK,EU,2015,57
Denmark,DNK,EU,2016,60
Denmark,DNK,EU,2017,63
Djibouti,DJI,AF,2010,72
Djibouti,DJI,AF,2011,89
Djibouti,DJI,AF,2015,68
Djibouti,DJI,AF,2016,64
Dominica,DMA,NA,2003,347
Dominica,DMA,NA,2005,400
Dominica,DMA,NA,2007,359
Dominica,DMA,NA,2010,415
Dominica,DMA,NA,2013,369
Dominica,DMA,NA,2015,301
Dominican Republic,DOM,NA,2003,187
Dominican Republic,DOM,NA,2004,152
Dominican Republic,DOM,NA,2005,137
Dominican Republic,DOM,NA,2006,147
Dominican Republic,DOM,NA,2008,171
Dominican Republic,DOM,NA,2010,210
Dominican Republic,DOM,NA,2011,218
Dominican Republic,DOM,NA,2013,241
Dominican Republic,DOM,NA,2014,242
Dominican Republic,DOM,NA,2016,157
Dominican Republic,DOM,NA,2017,244
Ecuador,ECU,SA,2003,74
Ecuador,ECU,SA,2004,84
Ecuador,ECU,SA,2005,87
Ecuador,ECU,SA,2008,118
Ecuador,ECU,SA,2010,79
Ecuador,ECU,SA,2012,138
Ecuador,ECU,SA,2013,163
Ecuador,ECU,SA,2014,151
Ecuador,ECU,SA,2016,212
Ecuador,ECU,SA,2017,226
Egypt,EGY,AF,2006,84
Egypt,EGY,AF,2011,79
Egypt,EGY,AF,2013,71
Egypt,EGY,AF,2016,111
El Salvador,SLV,NA,2004,205
El Salvador,SLV,NA,2005,211
El Salvador,SLV,NA,2006,248
El Salvador,SLV,NA,2007,299
El Salvador,SLV,NA,2008,330
El Salvador,SLV,NA,2009,367
El Salvador,SLV,NA,2010,408
El Salvador,SLV,NA,2011,419
El Salvador,SLV,NA,2012,467
El Salvador,SLV,NA,2013,441
El Salvador,SLV,NA,2014,464
El Salvador,SLV,NA,2015,533
El Salvador,SLV,NA,2017,601
Equatorial Guinea,GNQ,AF,2012,84
Equatorial Guinea,GNQ,AF,2015,59
Estonia,EST,EU,2003,333
Estonia,EST,EU,2004,335
Estonia,EST,EU,2005,325
Estonia,EST,EU,2006,319
Estonia,EST,EU,2007,257
Estonia,EST,EU,2008,273
Estonia,EST,EU,2009,266
Estonia,EST,EU,2010,255
Estonia,EST,EU,2011,256
Estonia,EST,EU,2012,248
Estonia,EST,EU,2013,237
Estonia,EST,EU,2014,231
Estonia,EST,EU,2015,215
Estonia,EST,EU,2017,197
Ethiopia,ETH,AF,2003,90
Ethiopia,ETH,AF,2005,94
Ethiopia,ETH,AF,2007,99
Ethiopia,ETH,AF,2010,98
Ethiopia,ETH,AF,2011,125
Faroe Islands,FRO,EU,2005,21
Faroe Islands,FRO,EU,2009,19
Faroe Islands,FRO,EU,2010,17
Faroe Islands,FRO,EU,2011,17
Faroe Islands,FRO,EU,2012,17
Faroe Islands,FRO,EU,2013,21
Faroe Islands,FRO,EU,2014,23
Faroe Islands,FRO,EU,2015,21
Faroe Islands,FRO,EU,2016,16
Faroe Islands,FRO,EU,2017,12
Fiji,FJI,OC,2004,132
Fiji,FJI,OC,2005,135
Fiji,FJI,OC,2008,106
Fiji,FJI,OC,2010,128
Fiji,FJI,OC,2012,176
Fiji,FJI,OC,2014,174
Fiji,FJI,OC,2015,174
Finland,FIN,EU,2003,70
Finland,FIN,EU,2004,71
Finland,FIN,EU,2005,74
Finland,FIN,EU,2006,73
Finland,FIN,EU,2007,69
Finland,FIN,EU,2008,66
Finland,FIN,EU,2009,67
Finland,FIN,EU,2010,63
Finland,FIN,EU,2011,61
Finland,FIN,EU,2012,61
Finland,FIN,EU,2013,60
Finland,FIN,EU,2014,57
Finland,FIN,EU,2015,57
Finland,FIN,EU,2016,57
Finland,FIN,EU,2017,56
France,FRA,EU,2003,92
France,FRA,EU,2004,90
France,FRA,EU,2005,90
France,FRA,EU,2006,95
France,FRA,EU,2007,99
France,FRA,EU,2008,100
France,FRA,EU,2009,97
France,FRA,EU,2010,96
France,FRA,EU,2011,102
France,FRA,EU,2012,105
France,FRA,EU,2013,105
France,FRA,EU,2014,103
France,FRA,EU,2015,104
France,FRA,EU,2016,106
France,FRA,EU,2017,106
Gabon,GAB,AF,2006,195
Gabon,GAB,AF,2013,212
Gabon,GAB,AF,2015,196
Gambia,GMB,AF,2009,48
Gambia,GMB,AF,2012,55
Gambia,GMB,AF,2014,58
Georgia,GEO,AS,2003,134
Georgia,GEO,AS,2004,174
Georgia,GEO,AS,2005,204
Georgia,GEO,AS,2006,349
Georgia,GEO,AS,2008,430
Georgia,GEO,AS,2009,494
Georgia,GEO,AS,2010,557
Georgia,GEO,AS,2011,575
Georgia,GEO,AS,2012,468
Georgia,GEO,AS,2013,223
Georgia,GEO,AS,2014,257
Georgia,GEO,AS,2016,237
Georgia,GEO,AS,2017,255
Germany,DEU,EU,2003,99
Germany,DEU,EU,2004,99
Germany,DEU,EU,2005,99
Germany,DEU,EU,2006,96
Germany,DEU,EU,2007,93
Germany,DEU,EU,2008,92
Germany,DEU,EU,2009,90
Germany,DEU,EU,2010,88
Germany,DEU,EU,2011,87
Germany,DEU,EU,2012,85
Germany,DEU,EU,2013,82
Germany,DEU,EU,2014,78
Germany,DEU,EU,2015,78
Germany,DEU,EU,2016,79
Germany,DEU,EU,2017,77
Ghana,GHA,AF,2003,56
Ghana,GHA,AF,2005,58
Ghana,GHA,AF,2006,58
Ghana,GHA,AF,2010,56
Ghana,GHA,AF,2013,54
Ghana,GHA,AF,2014,55
Ghana,GHA,AF,2016,51
Ghana,GHA,AF,2017,51
Gibraltar,GIB,EU,2005,93
Gibraltar,GIB,EU,2010,173
Gibraltar,GIB,EU,2011,225
Gibraltar,GIB,EU,2013,151
Gibraltar,GIB,EU,2016,163
Greece,GRC,EU,2003,77
Greece,GRC,EU,2004,79
Greece,GRC,EU,2005,89
Greece,GRC,EU,2006,93
Greece,GRC,EU,2007,101
Greece,GRC,EU,2008,110
Greece,GRC,EU,2009,102
Greece,GRC,EU,2010,111
Greece,GRC,EU,2011,112
Greece,GRC,EU,2012,112
Greece,GRC,EU,2013,115
Greece,GRC,EU,2014,107
Greece,GRC,EU,2015,89
Greece,GRC,EU,2016,85
Greece,GRC,EU,2017,90
Grenada,GRD,NA,2002,291
Grenada,GRD,NA,2005,230
Grenada,GRD,NA,2006,324
Grenada,GRD,NA,2007,354
Grenada,GRD,NA,2009,392
Grenada,GRD,NA,2010,418
Grenada,GRD,NA,2011,435
Grenada,GRD,NA,2012,464
Grenada,GRD,NA,2013,453
Grenada,GRD,NA,2014,482
Grenada,GRD,NA,2015,470
Grenada,GRD,NA,2016,426
Guatemala,GTM,NA,2003,66
Guatemala,GTM,NA,2005,63
Guatemala,GTM,NA,2006,55
Guatemala,GTM,NA,2010,76
Guatemala,GTM,NA,2012,98
Guatemala,GTM,NA,2013,104
Guatemala,GTM,NA,2014,115
Guatemala,GTM,NA,2017,144
Guinea,GIN,AF,2002,34
Guinea,GIN,AF,2007,25
Guinea,GIN,AF,2008,27
Guinea,GIN,AF,2012,22
Guinea,GIN,AF,2014,25
Guinea,GIN,AF,2016,23
Guinea,GIN,AF,2017,25
Guinea-Bissau,GNB,AF,2016,11
Guinea-Bissau,GNB,AF,2017,32
Guyana,GUY,SA,2004,173
Guyana,GUY,SA,2005,197
Guyana,GUY,SA,2006,250
Guyana,GUY,SA,2007,291
Guyana,GUY,SA,2008,283
Guyana,GUY,SA,2009,290
Guyana,GUY,SA,2010,287
Guyana,GUY,SA,2011,269
Guyana,GUY,SA,2012,268
Guyana,GUY,SA,2013,263
Guyana,GUY,SA,2015,260
Guyana,GUY,SA,2017,286
Haiti,HTI,NA,2003,39
Haiti,HTI,NA,2005,40
Haiti,HTI,NA,2007,67
Haiti,HTI,NA,2010,53
Haiti,HTI,NA,2013,95
Haiti,HTI,NA,2014,99
Haiti,HTI,NA,2015,103
Haiti,HTI,NA,2017,81
Holy See (Vatican City),VAT,EU,2012,125
Holy See (Vatican City),VAT,EU,2015,125
Honduras,HND,NA,2004,166
Honduras,HND,NA,2005,168
Honduras,HND,NA,2010,158
Honduras,HND,NA,2011,156
Honduras,HND,NA,2013,156
Honduras,HND,NA,2014,187
Honduras,HND,NA,2015,200
Honduras,HND,NA,2016,192
Honduras,HND,NA,2017,209
Hong Kong,HKG,AS,2003,190
Hong Kong,HKG,AS,2004,184
Hong Kong,HKG,AS,2005,169
Hong Kong,HKG,AS,2006,170
Hong Kong,HKG,AS,2007,163
Hong Kong,HKG,AS,2008,155
Hong Kong,HKG,AS,2009,146
Hong Kong,HKG,AS,2010,145
Hong Kong,HKG,AS,2011,132
Hong Kong,HKG,AS,2012,133
Hong Kong,HKG,AS,2013,128
Hong Kong,HKG,AS,2016,118
Hong Kong,HKG,AS,2017,113
Hungary,HUN,EU,2003,166
Hungary,HUN,EU,2004,164
Hungary,HUN,EU,2005,156
Hungary,HUN,EU,2006,147
Hungary,HUN,EU,2007,143
Hungary,HUN,EU,2008,147
Hungary,HUN,EU,2009,154
Hungary,HUN,EU,2010,163
Hungary,HUN,EU,2011,172
Hungary,HUN,EU,2012,173
Hungary,HUN,EU,2013,180
Hungary,HUN,EU,2014,181
Hungary,HUN,EU,2016,181
Hungary,HUN,EU,2017,178
Iceland,ISL,EU,2003,38
Iceland,ISL,EU,2004,39
Iceland,ISL,EU,2005,40
Iceland,ISL,EU,2006,40
Iceland,ISL,EU,2007,38
Iceland,ISL,EU,2008,45
Iceland,ISL,EU,2009,47
Iceland,ISL,EU,2010,53
Iceland,ISL,EU,2011,47
Iceland,ISL,EU,2012,47
Iceland,ISL,EU,2013,47
Iceland,ISL,EU,2016,37
Iceland,ISL,EU,2017,39
India,IND,AS,2002,28
India,IND,AS,2003,29
India,IND,AS,2004,31
India,IND,AS,2005,32
India,IND,AS,2006,32
India,IND,AS,2007,32
India,IND,AS,2008,31
India,IND,AS,2009,30
India,IND,AS,2010,30
India,IND,AS,2011,31
India,IND,AS,2012,32
India,IND,AS,2013,32
India,IND,AS,2014,32
India,IND,AS,2015,32
Indonesia,IDN,AS,2003,38
Indonesia,IDN,AS,2005,43
Indonesia,IDN,AS,2008,58
Indonesia,IDN,AS,2010,49
Indonesia,IDN,AS,2012,63
Indonesia,IDN,AS,2013,64
Indonesia,IDN,AS,2014,63
Indonesia,IDN,AS,2015,67
Indonesia,IDN,AS,2016,78
Indonesia,IDN,AS,2017,93
Iran,IRN,AS,2004,193
Iran,IRN,AS,2005,192
Iran,IRN,AS,2006,209
Iran,IRN,AS,2007,221
Iran,IRN,AS,2010,275
Iran,IRN,AS,2011,293
Iran,IRN,AS,2012,285
Iran,IRN,AS,2014,289
Iran,IRN,AS,2017,283
Ireland,IRL,EU,2003,80
Ireland,IRL,EU,2004,77
Ireland,IRL,EU,2005,72
Ireland,IRL,EU,2006,72
Ireland,IRL,EU,2007,74
Ireland,IRL,EU,2008,78
Ireland,IRL,EU,2009,85
Ireland,IRL,EU,2010,94
Ireland,IRL,EU,2011,91
Ireland,IRL,EU,2012,92
Ireland,IRL,EU,2013,88
Ireland,IRL,EU,2014,81
Ireland,IRL,EU,2015,80
Ireland,IRL,EU,2016,78
Ireland,IRL,EU,2017,79
Israel,ISR,AS,2003,193
Israel,ISR,AS,2004,215
Israel,ISR,AS,2005,243
Israel,ISR,AS,2006,305
Israel,ISR,AS,2007,317
Israel,ISR,AS,2008,309
Israel,ISR,AS,2009,313
Israel,ISR,AS,2010,272
Israel,ISR,AS,2012,225
Israel,ISR,AS,2014,262
Israel,ISR,AS,2017,232
Italy,ITA,EU,2003,95
Italy,ITA,EU,2004,98
Italy,ITA,EU,2005,103
Italy,ITA,EU,2006,68
Italy,ITA,EU,2007,84
Italy,ITA,EU,2008,100
Italy,ITA,EU,2009,110
Italy,ITA,EU,2010,116
Italy,ITA,EU,2011,115
Italy,ITA,EU,2012,112
Italy,ITA,EU,2013,107
Italy,ITA,EU,2014,92
Italy,ITA,EU,2015,89
Italy,ITA,EU,2017,101
Ivory Coast,CIV,AF,2006,50
Ivory Coast,CIV,AF,2007,56
Ivory Coast,CIV,AF,2008,58
Ivory Coast,CIV,AF,2012,34
Ivory Coast,CIV,AF,2015,54
Ivory Coast,CIV,AF,2017,57
Jamaica,JAM,NA,2003,179
Jamaica,JAM,NA,2006,183
Jamaica,JAM,NA,2007,174
Jamaica,JAM,NA,2009,189
Jamaica,JAM,NA,2011,162
Jamaica,JAM,NA,2012,158
Jamaica,JAM,NA,2013,148
Jamaica,JAM,NA,2014,145
Jamaica,JAM,NA,2015,138
Jamaica,JAM,NA,2016,132
Jamaica,JAM,NA,2017,133
Japan,JPN,AS,2003,58
Japan,JPN,AS,2004,60
Japan,JPN,AS,2005,62
Japan,JPN,AS,2006,64
Japan,JPN,AS,2007,63
Japan,JPN,AS,2008,60
Japan,JPN,AS,2009,59
Japan,JPN,AS,2010,57
Japan,JPN,AS,2011,55
Japan,JPN,AS,2012,53
Japan,JPN,AS,2013,50
Japan,JPN,AS,2014,48
Japan,JPN,AS,2016,44
Japan,JPN,AS,2017,41
Jordan,JOR,AS,2005,120
Jordan,JOR,AS,2006,112
Jordan,JOR,AS,2007,115
Jordan,JOR,AS,2008,118
Jordan,JOR,AS,2009,115
Jordan,JOR,AS,2010,129
Jordan,JOR,AS,2011,90
Jordan,JOR,AS,2012,110
Jordan,JOR,AS,2014,136
Jordan,JOR,AS,2015,151
Jordan,JOR,AS,2017,162
Kazakhstan,KAZ,AS,2003,385
Kazakhstan,KAZ,AS,2005,338
Kazakhstan,KAZ,AS,2006,330
Kazakhstan,KAZ,AS,2008,303
Kazakhstan,KAZ,AS,2009,314
Kazakhstan,KAZ,AS,2010,338
Kazakhstan,KAZ,AS,2011,298
Kazakhstan,KAZ,AS,2012,270
Kazakhstan,KAZ,AS,2013,246
Kazakhstan,KAZ,AS,2014,249
Kazakhstan,KAZ,AS,2015,239
Kazakhstan,KAZ,AS,2017,187
Kenya,KEN,AF,2004,160
Kenya,KEN,AF,2005,141
Kenya,KEN,AF,2008,128
Kenya,KEN,AF,2009,123
Kenya,KEN,AF,2010,119
Kenya,KEN,AF,2011,123
Kenya,KEN,AF,2012,105
Kenya,KEN,AF,2013,122
Kenya,KEN,AF,2014,119
Kenya,KEN,AF,2015,118
Kenya,KEN,AF,2016,100
Kenya,KEN,AF,2017,103
Kiribati,KIR,OC,2004,90
Kiribati,KIR,OC,2005,80
Kiribati,KIR,OC,2007,91
Kiribati,KIR,OC,2010,88
Kiribati,KIR,OC,2012,111
Kiribati,KIR,OC,2014,109
Kiribati,KIR,OC,2015,130
Kiribati,KIR,OC,2016,113
Kuwait,KWT,AS,2003,177
Kuwait,KWT,AS,2005,155
Kuwait,KWT,AS,2010,137
Kuwait,KWT,AS,2014,85
Kuwait,KWT,AS,2015,103
Kuwait,KWT,AS,2016,135
Kuwait,KWT,AS,2017,145
Kyrgyzstan,KGZ,AS,2003,335
Kyrgyzstan,KGZ,AS,2004,327
Kyrgyzstan,KGZ,AS,2005,308
Kyrgyzstan,KGZ,AS,2006,293
Kyrgyzstan,KGZ,AS,2007,276
Kyrgyzstan,KGZ,AS,2008,181
Kyrgyzstan,KGZ,AS,2010,182
Kyrgyzstan,KGZ,AS,2012,174
Kyrgyzstan,KGZ,AS,2014,166
Kyrgyzstan,KGZ,AS,2015,171
Kyrgyzstan,KGZ,AS,2016,174
Kyrgyzstan,KGZ,AS,2017,175
Laos,LAO,AS,2004,71
Laos,LAO,AS,2015,121
Latvia,LVA,EU,2003,363
Latvia,LVA,EU,2004,365
Latvia,LVA,EU,2005,343
Latvia,LVA,EU,2006,317
Latvia,LVA,EU,2007,302
Latvia,LVA,EU,2008,305
Latvia,LVA,EU,2009,333
Latvia,LVA,EU,2010,324
Latvia,LVA,EU,2011,318
Latvia,LVA,EU,2012,300
Latvia,LVA,EU,2013,255
Latvia,LVA,EU,2014,239
Latvia,LVA,EU,2015,224
Latvia,LVA,EU,2017,193
Lebanon,LBN,AS,2003,172
Lebanon,LBN,AS,2004,139
Lebanon,LBN,AS,2005,174
Lebanon,LBN,AS,2006,150
Lebanon,LBN,AS,2007,144
Lebanon,LBN,AS,2009,117
Lebanon,LBN,AS,2010,117
Lebanon,LBN,AS,2011,113
Lebanon,LBN,AS,2012,103
Lebanon,LBN,AS,2013,102
Lebanon,LBN,AS,2014,107
Lebanon,LBN,AS,2015,108
Lebanon,LBN,AS,2017,106
Lesotho,LSO,AF,2005,141
Lesotho,LSO,AF,2007,146
Lesotho,LSO,AF,2008,132
Lesotho,LSO,AF,2009,128
Lesotho,LSO,AF,2010,124
Lesotho,LSO,AF,2012,125
Lesotho,LSO,AF,2014,98
Liberia,LBR,AF,2007,29
Liberia,LBR,AF,2010,39
Liberia,LBR,AF,2011,39
Liberia,LBR,AF,2012,46
Liberia,LBR,AF,2015,47
Liberia,LBR,AF,2017,47
Libya,LBY,AF,2004,171
Libya,LBY,AF,2007,212
Libya,LBY,AF,2010,211
Libya,LBY,AF,2013,85
Libya,LBY,AF,2014,99
Liechtenstein,LIE,EU,2003,53
Liechtenstein,LIE,EU,2005,373
Liechtenstein,LIE,EU,2006,279
Liechtenstein,LIE,EU,2007,73
Liechtenstein,LIE,EU,2008,218
Liechtenstein,LIE,EU,2009,414
Liechtenstein,LIE,EU,2010,210
Liechtenstein,LIE,EU,2011,194
Liechtenstein,LIE,EU,2012,163
Liechtenstein,LIE,EU,2013,184
Liechtenstein,LIE,EU,2014,142
Liechtenstein,LIE,EU,2015,141
Liechtenstein,LIE,EU,2016,191
Liechtenstein,LIE,EU,2017,192
Lithuania,LTU,EU,2003,237
Lithuania,LTU,EU,2004,241
Lithuania,LTU,EU,2005,243
Lithuania,LTU,EU,2006,244
Lithuania,LTU,EU,2007,241
Lithuania,LTU,EU,2008,249
Lithuania,LTU,EU,2009,273
Lithuania,LTU,EU,2010,293
Lithuania,LTU,EU,2011,323
Lithuania,LTU,EU,2012,323
Lithuania,LTU,EU,2013,313
Lithuania,LTU,EU,2014,296
Lithuania,LTU,EU,2015,256
Lithuania,LTU,EU,2016,234
Lithuania,LTU,EU,2017,228
Luxembourg,LUX,EU,2005,151
Luxembourg,LUX,EU,2006,158
Luxembourg,LUX,EU,2007,156
Luxembourg,LUX,EU,2008,157
Luxembourg,LUX,EU,2009,142
Luxembourg,LUX,EU,2010,134
Luxembourg,LUX,EU,2011,123
Luxembourg,LUX,EU,2012,125
Luxembourg,LUX,EU,2013,120
Luxembourg,LUX,EU,2014,112
Luxembourg,LUX,EU,2015,122
Luxembourg,LUX,EU,2016,126
Luxembourg,LUX,EU,2017,111
Macao,MAC,AS,2005,192
Macao,MAC,AS,2008,180
Macao,MAC,AS,2009,178
Macao,MAC,AS,2010,174
Macao,MAC,AS,2011,188
Macao,MAC,AS,2012,199
Macao,MAC,AS,2013,203
Macao,MAC,AS,2014,209
Macao,MAC,AS,2015,218
Macao,MAC,AS,2016,208
Macao,MAC,AS,2017,206
Madagascar,MDG,AF,2003,110
Madagascar,MDG,AF,2005,111
Madagascar,MDG,AF,2006,93
Madagascar,MDG,AF,2010,89
Madagascar,MDG,AF,2012,83
Madagascar,MDG,AF,2013,82
Madagascar,MDG,AF,2014,86
Madagascar,MDG,AF,2015,85
Madagascar,MDG,AF,2017,82
Malawi,MWI,AF,2003,71
Malawi,MWI,AF,2005,76
Malawi,MWI,AF,2007,80
Malawi,MWI,AF,2010,79
Malawi,MWI,AF,2012,78
Malawi,MWI,AF,2014,73
Malawi,MWI,AF,2015,70
Malawi,MWI,AF,2017,79
Malaysia,MYS,AS,2004,171
Malaysia,MYS,AS,2005,138
Malaysia,MYS,AS,2007,188
Malaysia,MYS,AS,2010,137
Malaysia,MYS,AS,2013,133
Malaysia,MYS,AS,2014,160
Malaysia,MYS,AS,2016,166
Malaysia,MYS,AS,2017,175
Maldives,MDV,AS,2004,375
Maldives,MDV,AS,2005,322
Maldives,MDV,AS,2010,250
Maldives,MDV,AS,2012,288
Maldives,MDV,AS,2014,336
Maldives,MDV,AS,2015,416
Maldives,MDV,AS,2017,425
Mali,MLI,AF,2004,35
Mali,MLI,AF,2009,46
Mali,MLI,AF,2011,37
Mali,MLI,AF,2014,30
Malta,MLT,EU,2003,71
Malta,MLT,EU,2004,76
Malta,MLT,EU,2005,74
Malta,MLT,EU,2006,94
Malta,MLT,EU,2007,131
Malta,MLT,EU,2008,163
Malta,MLT,EU,2009,121
Malta,MLT,EU,2010,145
Malta,MLT,EU,2011,144
Malta,MLT,EU,2012,141
Malta,MLT,EU,2013,148
Malta,MLT,EU,2014,139
Malta,MLT,EU,2015,135
Malta,MLT,EU,2017,136
Mauritania,MRT,AF,2003,40
Mauritania,MRT,AF,2005,26
Mauritania,MRT,AF,2010,47
Mauritania,MRT,AF,2012,42
Mauritania,MRT,AF,2014,45
Mauritius,MUS,AF,2003,215
Mauritius,MUS,AF,2004,212
Mauritius,MUS,AF,2005,208
Mauritius,MUS,AF,2006,182
Mauritius,MUS,AF,2007,184
Mauritius,MUS,AF,2008,178
Mauritius,MUS,AF,2009,192
Mauritius,MUS,AF,2010,196
Mauritius,MUS,AF,2011,216
Mauritius,MUS,AF,2012,219
Mauritius,MUS,AF,2013,211
Mauritius,MUS,AF,2014,176
Mauritius,MUS,AF,2016,177
Mauritius,MUS,AF,2017,202
Mexico,MEX,NA,2003,174
Mexico,MEX,NA,2004,182
Mexico,MEX,NA,2005,190
Mexico,MEX,NA,2006,190
Mexico,MEX,NA,2007,189
Mexico,MEX,NA,2008,194
Mexico,MEX,NA,2009,202
Mexico,MEX,NA,2010,194
Mexico,MEX,NA,2011,202
Mexico,MEX,NA,2012,193
Mexico,MEX,NA,2013,208
Mexico,MEX,NA,2014,182
Mexico,MEX,NA,2015,174
Mexico,MEX,NA,2016,149
Mexico,MEX,NA,2017,141
Micronesia,FSM,OC,2014,127
Moldova,MDA,EU,2003,257
Moldova,MDA,EU,2004,225
Moldova,MDA,EU,2005,214
Moldova,MDA,EU,2006,218
Moldova,MDA,EU,2007,191
Moldova,MDA,EU,2008,166
Moldova,MDA,EU,2009,160
Moldova,MDA,EU,2010,155
Moldova,MDA,EU,2011,159
Moldova,MDA,EU,2012,162
Moldova,MDA,EU,2013,168
Moldova,MDA,EU,2014,180
Moldova,MDA,EU,2017,185
Monaco,MCO,EU,2003,85
Monaco,MCO,EU,2004,102
Monaco,MCO,EU,2005,92
Monaco,MCO,EU,2006,108
Monaco,MCO,EU,2007,103
Monaco,MCO,EU,2008,95
Monaco,MCO,EU,2009,63
Monaco,MCO,EU,2010,33
Monaco,MCO,EU,2011,86
Monaco,MCO,EU,2012,88
Monaco,MCO,EU,2013,77
Monaco,MCO,EU,2015,90
Monaco,MCO,EU,2016,80
Monaco,MCO,EU,2017,74
Mongolia,MNG,AS,2004,325
Mongolia,MNG,AS,2005,353
Mongolia,MNG,AS,2006,263
Mongolia,MNG,AS,2007,306
Mongolia,MNG,AS,2008,308
Mongolia,MNG,AS,2009,245
Mongolia,MNG,AS,2010,274
Mongolia,MNG,AS,2011,290
Mongolia,MNG,AS,2012,290
Mongolia,MNG,AS,2013,282
Mongolia,MNG,AS,2014,264
Mongolia,MNG,AS,2015,185
Mongolia,MNG,AS,2016,188
Mongolia,MNG,AS,2017,126
Montenegro,MNE,EU,2003,121
Montenegro,MNE,EU,2004,130
Montenegro,MNE,EU,2005,145
Montenegro,MNE,EU,2006,138
Montenegro,MNE,EU,2007,155
Montenegro,MNE,EU,2008,196
Montenegro,MNE,EU,2009,241
Montenegro,MNE,EU,2010,234
Montenegro,MNE,EU,2011,213
Montenegro,MNE,EU,2012,213
Montenegro,MNE,EU,2013,170
Montenegro,MNE,EU,2014,180
Montenegro,MNE,EU,2015,181
Montenegro,MNE,EU,2016,179
Montenegro,MNE,EU,2017,178
Morocco,MAR,AF,2003,183
Morocco,MAR,AF,2004,196
Morocco,MAR,AF,2005,168
Morocco,MAR,AF,2006,175
Morocco,MAR,AF,2007,176
Morocco,MAR,AF,2008,189
Morocco,MAR,AF,2009,182
Morocco,MAR,AF,2010,202
Morocco,MAR,AF,2013,215
Morocco,MAR,AF,2015,221
Morocco,MAR,AF,2017,233
Mozambique,MOZ,AF,2004,75
Mozambique,MOZ,AF,2005,84
Mozambique,MOZ,AF,2006,83
Mozambique,MOZ,AF,2007,80
Mozambique,MOZ,AF,2008,121
Mozambique,MOZ,AF,2009,149
Mozambique,MOZ,AF,2010,63
Mozambique,MOZ,AF,2014,57
Mozambique,MOZ,AF,2015,57
Mozambique,MOZ,AF,2017,61
Namibia,NAM,AF,2004,222
Namibia,NAM,AF,2007,195
Namibia,NAM,AF,2010,194
Namibia,NAM,AF,2011,193
Namibia,NAM,AF,2015,145
Nepal,NPL,AS,2005,28
Nepal,NPL,AS,2008,26
Nepal,NPL,AS,2010,40
Nepal,NPL,AS,2011,40
Nepal,NPL,AS,2012,54
Nepal,NPL,AS,2017,64
Netherlands,NLD,EU,2003,100
Netherlands,NLD,EU,2004,116
Netherlands,NLD,EU,2005,108
Netherlands,NLD,EU,2006,98
Netherlands,NLD,EU,2007,92
Netherlands,NLD,EU,2008,88
Netherlands,NLD,EU,2009,87
Netherlands,NLD,EU,2010,86
Netherlands,NLD,EU,2011,84
Netherlands,NLD,EU,2012,80
Netherlands,NLD,EU,2013,76
Netherlands,NLD,EU,2014,71
Netherlands,NLD,EU,2015,64
Netherlands,NLD,EU,2017,61
New Caledonia,NCL,OC,2015,170
New Caledonia,NCL,OC,2017,199
New Zealand,NZL,OC,2004,167
New Zealand,NZL,OC,2005,180
New Zealand,NZL,OC,2006,181
New Zealand,NZL,OC,2007,178
New Zealand,NZL,OC,2008,183
New Zealand,NZL,OC,2009,190
New Zealand,NZL,OC,2010,196
New Zealand,NZL,OC,2011,192
New Zealand,NZL,OC,2012,191
New Zealand,NZL,OC,2013,184
New Zealand,NZL,OC,2014,192
New Zealand,NZL,OC,2015,201
New Zealand,NZL,OC,2016,213
New Zealand,NZL,OC,2017,222
Nicaragua,NIC,NA,2004,106
Nicaragua,NIC,NA,2005,103
Nicaragua,NIC,NA,2006,111
Nicaragua,NIC,NA,2007,121
Nicaragua,NIC,NA,2008,106
Nicaragua,NIC,NA,2009,103
Nicaragua,NIC,NA,2010,118
Nicaragua,NIC,NA,2012,156
Nicaragua,NIC,NA,2014,176
Niger,NER,AF,2002,50
Niger,NER,AF,2006,53
Niger,NER,AF,2010,33
Niger,NER,AF,2012,39
Niger,NER,AF,2015,43
Nigeria,NGA,AF,2004,29
Nigeria,NGA,AF,2005,28
Nigeria,NGA,AF,2007,27
Nigeria,NGA,AF,2008,27
Nigeria,NGA,AF,2009,28
Nigeria,NGA,AF,2010,30
Nigeria,NGA,AF,2011,30
Nigeria,NGA,AF,2012,32
Nigeria,NGA,AF,2013,32
Nigeria,NGA,AF,2014,32
Nigeria,NGA,AF,2016,34
Nigeria,NGA,AF,2017,40
North Macedonia,MKD,EU,2003,79
North Macedonia,MKD,EU,2004,87
North Macedonia,MKD,EU,2005,104
North Macedonia,MKD,EU,2006,100
North Macedonia,MKD,EU,2008,107
North Macedonia,MKD,EU,2010,122
North Macedonia,MKD,EU,2011,122
North Macedonia,MKD,EU,2014,150
North Macedonia,MKD,EU,2015,165
North Macedonia,MKD,EU,2017,146
Norway,NOR,EU,2003,62
Norway,NOR,EU,2004,63
Norway,NOR,EU,2005,69
Norway,NOR,EU,2006,72
Norway,NOR,EU,2007,73
Norway,NOR,EU,2008,73
Norway,NOR,EU,2009,69
Norway,NOR,EU,2010,73
Norway,NOR,EU,2011,78
Norway,NOR,EU,2012,81
Norway,NOR,EU,2013,76
Norway,NOR,EU,2014,80
Norway,NOR,EU,2017,64
Oman,OMN,AS,2002,60
Oman,OMN,AS,2013,33
Pakistan,PAK,AS,2004,57
Pakistan,PAK,AS,2005,58
Pakistan,PAK,AS,2007,56
Pakistan,PAK,AS,2010,45
Pakistan,PAK,AS,2012,42
Pakistan,PAK,AS,2014,43
Pakistan,PAK,AS,2015,42
Pakistan,PAK,AS,2017,42
Palau,PLW,OC,2003,523
Palau,PLW,OC,2005,487
Palau,PLW,OC,2010,386
Palau,PLW,OC,2012,299
Palau,PLW,OC,2014,341
Palau,PLW,OC,2017,395
Palestine,PS,AS,2007,113
Palestine,PS,AS,2008,237
Palestine,PS,AS,2009,269
Palestine,PS,AS,2010,308
Palestine,PS,AS,2011,303
Palestine,PS,AS,2012,302
Palestine,PS,AS,2016,170
Panama,PAN,NA,2003,332
Panama,PAN,NA,2004,369
Panama,PAN,NA,2005,369
Panama,PAN,NA,2006,361
Panama,PAN,NA,2007,351
Panama,PAN,NA,2008,292
Panama,PAN,NA,2009,306
Panama,PAN,NA,2010,336
Panama,PAN,NA,2011,368
Panama,PAN,NA,2012,401
Panama,PAN,NA,2013,391
Panama,PAN,NA,2014,385
Panama,PAN,NA,2015,453
Panama,PAN,NA,2017,394
Papua New Guinea,PNG,OC,2005,67
Papua New Guinea,PNG,OC,2010,62
Papua New Guinea,PNG,OC,2012,49
Papua New Guinea,PNG,OC,2014,61
Papua New Guinea,PNG,OC,2015,64
Paraguay,PRY,SA,2003,90
Paraguay,PRY,SA,2005,108
Paraguay,PRY,SA,2006,102
Paraguay,PRY,SA,2007,98
Paraguay,PRY,SA,2008,96
Paraguay,PRY,SA,2009,108
Paraguay,PRY,SA,2010,100
Paraguay,PRY,SA,2011,114
Paraguay,PRY,SA,2012,128
Paraguay,PRY,SA,2013,143
Paraguay,PRY,SA,2014,166
Paraguay,PRY,SA,2015,194
Paraguay,PRY,SA,2016,198
Paraguay,PRY,SA,2017,206
Peru,PER,SA,2003,107
Peru,PER,SA,2004,115
Peru,PER,SA,2005,120
Peru,PER,SA,2006,128
Peru,PER,SA,2007,140
Peru,PER,SA,2008,151
Peru,PER,SA,2009,153
Peru,PER,SA,2010,155
Peru,PER,SA,2011,165
Peru,PER,SA,2012,193
Peru,PER,SA,2013,221
Peru,PER,SA,2014,232
Peru,PER,SA,2015,246
Peru,PER,SA,2016,258
Peru,PER,SA,2017,278
Philippines,PHL,AS,2004,66
Philippines,PHL,AS,2005,71
Philippines,PHL,AS,2006,69
Philippines,PHL,AS,2007,68
Philippines,PHL,AS,2008,68
Philippines,PHL,AS,2009,64
Philippines,PHL,AS,2010,65
Philippines,PHL,AS,2011,108
Philippines,PHL,AS,2012,112
Philippines,PHL,AS,2014,121
Philippines,PHL,AS,2015,135
Poland,POL,EU,2003,206
Poland,POL,EU,2004,209
Poland,POL,EU,2005,221
Poland,POL,EU,2006,235
Poland,POL,EU,2007,233
Poland,POL,EU,2008,221
Poland,POL,EU,2009,222
Poland,POL,EU,2010,214
Poland,POL,EU,2011,215
Poland,POL,EU,2012,221
Poland,POL,EU,2013,208
Poland,POL,EU,2014,203
Poland,POL,EU,2015,186
Poland,POL,EU,2016,187
Poland,POL,EU,2017,195
Portugal,PRT,EU,2003,133
Portugal,PRT,EU,2004,126
Portugal,PRT,EU,2005,123
Portugal,PRT,EU,2006,120
Portugal,PRT,EU,2007,110
Portugal,PRT,EU,2008,102
Portugal,PRT,EU,2009,105
Portugal,PRT,EU,2010,110
Portugal,PRT,EU,2011,120
Portugal,PRT,EU,2012,130
Portugal,PRT,EU,2013,137
Portugal,PRT,EU,2014,136
Portugal,PRT,EU,2015,139
Portugal,PRT,EU,2016,134
Portugal,PRT,EU,2017,132
Puerto Rico,PRI,NA,2005,379
Puerto Rico,PRI,NA,2008,325
Puerto Rico,PRI,NA,2009,303
Puerto Rico,PRI,NA,2010,294
Puerto Rico,PRI,NA,2011,310
Puerto Rico,PRI,NA,2012,331
Puerto Rico,PRI,NA,2013,332
Puerto Rico,PRI,NA,2014,332
Puerto Rico,PRI,NA,2015,309
Puerto Rico,PRI,NA,2016,292
Puerto Rico,PRI,NA,2017,274
Qatar,QAT,AS,2003,85
Qatar,QAT,AS,2004,77
Qatar,QAT,AS,2005,62
Qatar,QAT,AS,2006,81
Qatar,QAT,AS,2007,38
Qatar,QAT,AS,2008,40
Qatar,QAT,AS,2011,60
Qatar,QAT,AS,2013,55
Republic of the Congo,COG,AF,2014,28
Romania,ROU,EU,2003,197
Romania,ROU,EU,2004,181
Romania,ROU,EU,2005,171
Romania,ROU,EU,2006,161
Romania,ROU,EU,2007,140
Romania,ROU,EU,2008,126
Romania,ROU,EU,2009,130
Romania,ROU,EU,2010,139
Romania,ROU,EU,2011,153
Romania,ROU,EU,2012,160
Romania,ROU,EU,2013,169
Romania,ROU,EU,2014,153
Romania,ROU,EU,2015,145
Romania,ROU,EU,2016,139
Romania,ROU,EU,2017,119
Russia,RUS,EU,2003,586
Russia,RUS,EU,2004,530
Russia,RUS,EU,2005,573
Russia,RUS,EU,2006,608
Russia,RUS,EU,2007,617
Russia,RUS,EU,2008,620
Russia,RUS,EU,2009,604
Russia,RUS,EU,2010,571
Russia,RUS,EU,2011,528
Russia,RUS,EU,2012,490
Russia,RUS,EU,2013,472
Russia,RUS,EU,2014,468
Russia,RUS,EU,2016,438
Russia,RUS,EU,2017,418
Rwanda,RWA,AF,2005,744
Rwanda,RWA,AF,2007,618
Rwanda,RWA,AF,2010,534
Rwanda,RWA,AF,2012,514
Rwanda,RWA,AF,2015,468
Rwanda,RWA,AF,2017,500
Saint Lucia,LCA,NA,2014,345
Saint Lucia,LCA,NA,2016,295
Saint Lucia,LCA,NA,2017,294
Saint Vincent and the Grenadines,VCT,NA,2014,377
Saint Vincent and the Grenadines,VCT,NA,2017,426
Samoa,WSM,OC,2003,158
Samoa,WSM,OC,2005,137
Samoa,WSM,OC,2007,102
Samoa,WSM,OC,2009,162
Samoa,WSM,OC,2010,161
Samoa,WSM,OC,2012,228
Samoa,WSM,OC,2015,259
Samoa,WSM,OC,2016,329
Samoa,WSM,OC,2017,204
San Marino,SMR,EU,2005,3
San Marino,SMR,EU,2011,7
San Marino,SMR,EU,2013,6
San Marino,SMR,EU,2015,6
San Marino,SMR,EU,2017,9
Sao Tome and Principe,STP,AF,2015,94
Sao Tome and Principe,STP,AF,2017,123
Saudi Arabia,SAU,AS,2002,126
Saudi Arabia,SAU,AS,2009,163
Saudi Arabia,SAU,AS,2013,156
Saudi Arabia,SAU,AS,2017,207
Senegal,SEN,AF,2005,225
Senegal,SEN,AF,2006,271
Senegal,SEN,AF,2007,255
Senegal,SEN,AF,2008,261
Senegal,SEN,AF,2009,259
Senegal,SEN,AF,2010,229
Senegal,SEN,AF,2012,61
Senegal,SEN,AF,2014,59
Senegal,SEN,AF,2016,60
Senegal,SEN,AF,2017,59
Serbia,SRB,EU,2003,81
Serbia,SRB,EU,2005,88
Serbia,SRB,EU,2007,99
Serbia,SRB,EU,2008,107
Serbia,SRB,EU,2009,121
Serbia,SRB,EU,2010,124
Serbia,SRB,EU,2011,123
Serbia,SRB,EU,2012,114
Serbia,SRB,EU,2013,112
Serbia,SRB,EU,2014,116
Serbia,SRB,EU,2015,114
Serbia,SRB,EU,2016,121
Serbia,SRB,EU,2017,123
Seychelles,SYC,AF,2003,201
Seychelles,SYC,AF,2004,168
Seychelles,SYC,AF,2005,183
Seychelles,SYC,AF,2006,194
Seychelles,SYC,AF,2007,189
Seychelles,SYC,AF,2008,324
Seychelles,SYC,AF,2010,464
Seychelles,SYC,AF,2012,664
Seychelles,SYC,AF,2014,767
Seychelles,SYC,AF,2017,445
Sierra Leone,SLE,AF,2004,29
Sierra Leone,SLE,AF,2005,34
Sierra Leone,SLE,AF,2007,37
Sierra Leone,SLE,AF,2008,34
Sierra Leone,SLE,AF,2010,39
Sierra Leone,SLE,AF,2013,53
Sierra Leone,SLE,AF,2014,57
Sierra Leone,SLE,AF,2015,54
Sierra Leone,SLE,AF,2017,60
Singapore,SGP,AS,2003,408
Singapore,SGP,AS,2004,357
Singapore,SGP,AS,2005,322
Singapore,SGP,AS,2006,277
Singapore,SGP,AS,2007,262
Singapore,SGP,AS,2008,258
Singapore,SGP,AS,2009,270
Singapore,SGP,AS,2010,268
Singapore,SGP,AS,2011,254
Singapore,SGP,AS,2012,245
Singapore,SGP,AS,2013,247
Singapore,SGP,AS,2014,232
Singapore,SGP,AS,2015,226
Singapore,SGP,AS,2016,222
Singapore,SGP,AS,2017,205
Slovakia,SVK,EU,2003,165
Slovakia,SVK,EU,2004,175
Slovakia,SVK,EU,2005,165
Slovakia,SVK,EU,2006,153
Slovakia,SVK,EU,2007,148
Slovakia,SVK,EU,2008,151
Slovakia,SVK,EU,2009,173
Slovakia,SVK,EU,2010,186
Slovakia,SVK,EU,2011,195
Slovakia,SVK,EU,2012,200
Slovakia,SVK,EU,2013,180
Slovakia,SVK,EU,2014,185
Slovakia,SVK,EU,2015,183
Slovakia,SVK,EU,2016,184
Slovakia,SVK,EU,2017,192
Slovenia,SVN,EU,2003,54
Slovenia,SVN,EU,2004,55
Slovenia,SVN,EU,2005,57
Slovenia,SVN,EU,2006,65
Slovenia,SVN,EU,2007,66
Slovenia,SVN,EU,2008,65
Slovenia,SVN,EU,2009,67
Slovenia,SVN,EU,2010,66
Slovenia,SVN,EU,2011,62
Slovenia,SVN,EU,2012,67
Slovenia,SVN,EU,2013,66
Slovenia,SVN,EU,2014,74
Slovenia,SVN,EU,2015,68
Slovenia,SVN,EU,2016,63
Slovenia,SVN,EU,2017,63
Solomon Islands,SLB,OC,2004,60
Solomon Islands,SLB,OC,2005,63
Solomon Islands,SLB,OC,2007,43
Solomon Islands,SLB,OC,2010,51
Solomon Islands,SLB,OC,2012,59
Solomon Islands,SLB,OC,2013,57
Solomon Islands,SLB,OC,2014,49
Solomon Islands,SLB,OC,2015,46
Solomon Islands,SLB,OC,2017,78
South Africa,ZAF,AF,2003,385
South Africa,ZAF,AF,2004,392
South Africa,ZAF,AF,2005,326
South Africa,ZAF,AF,2008,326
South Africa,ZAF,AF,2010,316
South Africa,ZAF,AF,2011,305
South Africa,ZAF,AF,2013,293
South Africa,ZAF,AF,2014,287
South Africa,ZAF,AF,2017,279
South Korea,KOR,AS,2003,122
South Korea,KOR,AS,2004,116
South Korea,KOR,AS,2005,99
South Korea,KOR,AS,2006,95
South Korea,KOR,AS,2007,95
South Korea,KOR,AS,2008,99
South Korea,KOR,AS,2009,99
South Korea,KOR,AS,2010,93
South Korea,KOR,AS,2011,91
South Korea,KOR,AS,2012,94
South Korea,KOR,AS,2013,98
South Korea,KOR,AS,2014,103
South Korea,KOR,AS,2016,114
South Korea,KOR,AS,2017,108
Spain,ESP,EU,2003,132
Spain,ESP,EU,2004,138
Spain,ESP,EU,2005,139
Spain,ESP,EU,2006,144
Spain,ESP,EU,2007,148
Spain,ESP,EU,2008,161
Spain,ESP,EU,2009,164
Spain,ESP,EU,2010,159
Spain,ESP,EU,2011,151
Spain,ESP,EU,2012,147
Spain,ESP,EU,2013,144
Spain,ESP,EU,2014,141
Spain,ESP,EU,2015,134
Spain,ESP,EU,2016,128
Spain,ESP,EU,2017,127
Sri Lanka,LKA,AS,2005,113
Sri Lanka,LKA,AS,2007,133
Sri Lanka,LKA,AS,2008,143
Sri Lanka,LKA,AS,2009,135
Sri Lanka,LKA,AS,2010,129
Sri Lanka,LKA,AS,2011,114
Sri Lanka,LKA,AS,2012,114
Sri Lanka,LKA,AS,2013,132
Sri Lanka,LKA,AS,2014,96
Sri Lanka,LKA,AS,2015,92
Sri Lanka,LKA,AS,2017,99
Sudan,SDN,AF,2002,43
Sudan,SDN,AF,2003,40
Sudan,SDN,AF,2009,54
Sudan,SDN,AF,2011,54
Sudan,SDN,AF,2013,50
Sudan,SDN,AF,2017,52
Suriname,SUR,SA,2005,167
Suriname,SUR,SA,2009,179
Suriname,SUR,SA,2012,188
Suriname,SUR,SA,2014,186
Suriname,SUR,SA,2016,1813
Swaziland,SWZ,AF,2003,291
Swaziland,SWZ,AF,2004,248
Swaziland,SWZ,AF,2005,241
Swaziland,SWZ,AF,2006,237
Swaziland,SWZ,AF,2008,221
Swaziland,SWZ,AF,2009,231
Swaziland,SWZ,AF,2012,277
Swaziland,SWZ,AF,2014,285
Swaziland,SWZ,AF,2015,281
Sweden,SWE,EU,2003,76
Sweden,SWE,EU,2004,82
Sweden,SWE,EU,2005,82
Sweden,SWE,EU,2006,81
Sweden,SWE,EU,2007,76
Sweden,SWE,EU,2008,77
Sweden,SWE,EU,2009,78
Sweden,SWE,EU,2010,73
Sweden,SWE,EU,2011,71
Sweden,SWE,EU,2012,66
Sweden,SWE,EU,2013,60
Sweden,SWE,EU,2014,59
Sweden,SWE,EU,2015,57
Sweden,SWE,EU,2016,60
Sweden,SWE,EU,2017,58
Switzerland,CHE,EU,2003,72
Switzerland,CHE,EU,2004,82
Switzerland,CHE,EU,2005,83
Switzerland,CHE,EU,2006,74
Switzerland,CHE,EU,2007,70
Switzerland,CHE,EU,2008,69
Switzerland,CHE,EU,2009,72
Switzerland,CHE,EU,2010,74
Switzerland,CHE,EU,2011,71
Switzerland,CHE,EU,2012,76
Switzerland,CHE,EU,2013,82
Switzerland,CHE,EU,2014,79
Switzerland,CHE,EU,2015,78
Switzerland,CHE,EU,2016,78
Switzerland,CHE,EU,2017,77
Syria,SYR,AS,2003,68
Syria,SYR,AS,2004,60
Taiwan,TWN,AS,2014,272
Taiwan,TWN,AS,2017,266
Tajikistan,TJK,AS,2003,153
Tajikistan,TJK,AS,2006,156
Tajikistan,TJK,AS,2008,101
Tajikistan,TJK,AS,2010,123
Tanzania,TZA,AF,2004,114
Tanzania,TZA,AF,2005,119
Tanzania,TZA,AF,2006,109
Tanzania,TZA,AF,2009,91
Tanzania,TZA,AF,2013,73
Tanzania,TZA,AF,2014,66
Tanzania,TZA,AF,2015,64
Thailand,THA,AS,2004,257
Thailand,THA,AS,2005,246
Thailand,THA,AS,2006,229
Thailand,THA,AS,2008,250
Thailand,THA,AS,2009,320
Thailand,THA,AS,2010,316
Thailand,THA,AS,2011,336
Thailand,THA,AS,2013,415
Thailand,THA,AS,2014,470
Thailand,THA,AS,2015,472
Thailand,THA,AS,2016,473
Thailand,THA,AS,2017,540
Togo,TGO,AF,2003,61
Togo,TGO,AF,2010,64
Togo,TGO,AF,2012,63
Togo,TGO,AF,2014,63
Togo,TGO,AF,2015,61
Togo,TGO,AF,2017,62
Tonga,TON,OC,2004,116
Tonga,TON,OC,2005,127
Tonga,TON,OC,2007,84
Tonga,TON,OC,2010,153
Tonga,TON,OC,2012,151
Tonga,TON,OC,2014,167
Trinidad and Tobago,TTO,NA,2003,311
Trinidad and Tobago,TTO,NA,2004,304
Trinidad and Tobago,TTO,NA,2005,291
Trinidad and Tobago,TTO,NA,2006,284
Trinidad and Tobago,TTO,NA,2007,275
Trinidad and Tobago,TTO,NA,2008,294
Trinidad and Tobago,TTO,NA,2009,281
Trinidad and Tobago,TTO,NA,2010,278
Trinidad and Tobago,TTO,NA,2011,321
Trinidad and Tobago,TTO,NA,2012,277
Trinidad and Tobago,TTO,NA,2013,268
Trinidad and Tobago,TTO,NA,2014,249
Trinidad and Tobago,TTO,NA,2015,548
Trinidad and Tobago,TTO,NA,2017,292
Tunisia,TUN,AF,2004,260
Tunisia,TUN,AF,2009,250
Tunisia,TUN,AF,2011,288
Tunisia,TUN,AF,2012,196
Tunisia,TUN,AF,2017,180
Turkey,TUR,EU,2003,97
Turkey,TUR,EU,2004,87
Turkey,TUR,EU,2005,83
Turkey,TUR,EU,2006,103
Turkey,TUR,EU,2007,131
Turkey,TUR,EU,2008,147
Turkey,TUR,EU,2009,163
Turkey,TUR,EU,2010,167
Turkey,TUR,EU,2011,175
Turkey,TUR,EU,2012,182
Turkey,TUR,EU,2013,191
Turkey,TUR,EU,2014,205
Turkey,TUR,EU,2015,225
Turkey,TUR,EU,2017,322
Turkmenistan,TKM,AS,2003,333
Turkmenistan,TKM,AS,2004,298
Turkmenistan,TKM,AS,2005,284
Turkmenistan,TKM,AS,2006,228
Turkmenistan,TKM,AS,2010,526
Turkmenistan,TKM,AS,2013,583
Turkmenistan,TKM,AS,2017,529
Tuvalu,TUV,OC,2005,72
Tuvalu,TUV,OC,2007,31
Tuvalu,TUV,OC,2010,81
Tuvalu,TUV,OC,2012,122
Tuvalu,TUV,OC,2014,111
Uganda,UGA,AF,2003,69
Uganda,UGA,AF,2004,68
Uganda,UGA,AF,2005,68
Uganda,UGA,AF,2006,66
Uganda,UGA,AF,2007,64
Uganda,UGA,AF,2008,93
Uganda,UGA,AF,2009,97
Uganda,UGA,AF,2010,94
Uganda,UGA,AF,2011,94
Uganda,UGA,AF,2012,100
Uganda,UGA,AF,2013,108
Uganda,UGA,AF,2014,112
Uganda,UGA,AF,2017,126
Ukraine,UKR,EU,2003,403
Ukraine,UKR,EU,2004,408
Ukraine,UKR,EU,2005,365
Ukraine,UKR,EU,2006,346
Ukraine,UKR,EU,2007,324
Ukraine,UKR,EU,2008,317
Ukraine,UKR,EU,2009,322
Ukraine,UKR,EU,2010,337
Ukraine,UKR,EU,2011,339
Ukraine,UKR,EU,2013,306
Ukraine,UKR,EU,2016,137
Ukraine,UKR,EU,2017,129
United Arab Emirates,ARE,AS,2004,225
United Arab Emirates,ARE,AS,2005,222
United Arab Emirates,ARE,AS,2006,216
United Arab Emirates,ARE,AS,2014,108
United Kingdom,GBR,EU,2003,113
United Kingdom,GBR,EU,2005,116
United Kingdom,GBR,EU,2006,122
United Kingdom,GBR,EU,2007,123
United Kingdom,GBR,EU,2008,128
United Kingdom,GBR,EU,2009,128
United Kingdom,GBR,EU,2010,126
United Kingdom,GBR,EU,2011,132
United Kingdom,GBR,EU,2012,130
United Kingdom,GBR,EU,2013,129
United Kingdom,GBR,EU,2014,128
United Kingdom,GBR,EU,2016,359
United Kingdom,GBR,EU,2017,143
Uruguay,URY,SA,2003,196
Uruguay,URY,SA,2004,192
Uruguay,URY,SA,2005,187
Uruguay,URY,SA,2006,209
Uruguay,URY,SA,2010,258
Uruguay,URY,SA,2011,268
Uruguay,URY,SA,2012,277
Uruguay,URY,SA,2013,277
Uruguay,URY,SA,2014,279
Uruguay,URY,SA,2015,291
Uruguay,URY,SA,2017,320
USA,USA,NA,2003,740
USA,USA,NA,2004,735
USA,USA,NA,2005,742
USA,USA,NA,2006,756
USA,USA,NA,2007,762
USA,USA,NA,2008,758
USA,USA,NA,2009,746
USA,USA,NA,2010,733
USA,USA,NA,2011,717
USA,USA,NA,2012,708
USA,USA,NA,2013,699
USA,USA,NA,2014,697
USA,USA,NA,2015,676
USA,USA,NA,2016,671
Uzbekistan,UZB,AS,2003,189
Uzbekistan,UZB,AS,2009,154
Uzbekistan,UZB,AS,2012,147
Uzbekistan,UZB,AS,2014,149
Vanuatu,VUT,OC,2003,47
Vanuatu,VUT,OC,2005,66
Vanuatu,VUT,OC,2007,53
Vanuatu,VUT,OC,2010,79
Vanuatu,VUT,OC,2012,78
Vanuatu,VUT,OC,2015,87
Venezuela,VEN,SA,2014,167
Venezuela,VEN,SA,2015,160
Venezuela,VEN,SA,2017,179
Vietnam,VNM,AS,2005,105
Vietnam,VNM,AS,2006,116
Vietnam,VNM,AS,2010,123
Vietnam,VNM,AS,2012,144
Vietnam,VNM,AS,2014,154
Vietnam,VNM,AS,2015,146
Vietnam,VNM,AS,2017,136
Yemen,YEM,AS,2003,84
Yemen,YEM,AS,2004,37
Yemen,YEM,AS,2005,29
Yemen,YEM,AS,2006,25
Yemen,YEM,AS,2007,27
Yemen,YEM,AS,2008,29
Yemen,YEM,AS,2009,30
Yemen,YEM,AS,2010,53
Yemen,YEM,AS,2013,55
Zambia,ZMB,AF,2003,116
Zambia,ZMB,AF,2005,119
Zambia,ZMB,AF,2009,115
Zambia,ZMB,AF,2010,120
Zambia,ZMB,AF,2013,112
Zambia,ZMB,AF,2014,108
Zambia,ZMB,AF,2015,114
Zambia,ZMB,AF,2016,150
Zambia,ZMB,AF,2017,118
Zimbabwe,ZWE,AF,2003,165
Zimbabwe,ZWE,AF,2004,155
Zimbabwe,ZWE,AF,2005,139
Zimbabwe,ZWE,AF,2006,138
Zimbabwe,ZWE,AF,2007,124
Zimbabwe,ZWE,AF,2008,104
Zimbabwe,ZWE,AF,2010,96
Zimbabwe,ZWE,AF,2013,114
Zimbabwe,ZWE,AF,2014,115
Zimbabwe,ZWE,AF,2015,121
