Country,Code,ContinentCode,Year,Robberies per 100000 people,Thefts per 100000 people
Albania,ALB,EU,2005,7,97
Albania,ALB,EU,2006,5,96
Albania,ALB,EU,2007,4,99
Albania,ALB,EU,2008,5,108
Albania,ALB,EU,2009,6,105
Albania,ALB,EU,2010,8,137
Albania,ALB,EU,2011,9,160
Albania,ALB,EU,2012,11,186
Albania,ALB,EU,2013,13,182
Albania,ALB,EU,2014,10,276
Albania,ALB,EU,2015,8,248
Albania,ALB,EU,2016,5,192
Albania,ALB,EU,2017,6,
Algeria,DZA,AF,2005,76,
Algeria,DZA,AF,2006,63,163
Algeria,DZA,AF,2007,60,142
Algeria,DZA,AF,2008,58,150
Algeria,DZA,AF,2009,54,150
Algeria,DZA,AF,2010,51,142
Algeria,DZA,AF,2011,52,145
Algeria,DZA,AF,2012,29,106
Algeria,DZA,AF,2013,47,143
Algeria,DZA,AF,2014,54,120
Algeria,DZA,AF,2015,66,125
Andorra,AND,EU,2007,5,1251
Andorra,AND,EU,2008,5,1141
Andorra,AND,EU,2009,14,1175
Andorra,AND,EU,2010,10,1323
Andorra,AND,EU,2011,6,1291
Andorra,AND,EU,2012,8,1270
Andorra,AND,EU,2013,17,1319
Andorra,AND,EU,2014,10,1286
Andorra,AND,EU,2015,11,1484
Argentina,ARG,SA,2005,908,776
Argentina,ARG,SA,2006,895,738
Argentina,ARG,SA,2007,849,663
Argentina,ARG,SA,2008,958,704
Argentina,ARG,SA,2014,1126,668
Argentina,ARG,SA,2015,1020,626
Argentina,ARG,SA,2016,3,616
Argentina,ARG,SA,2017,920,
Armenia,ARM,AS,2003,5,93
Armenia,ARM,AS,2004,8,92
Armenia,ARM,AS,2005,9,82
Armenia,ARM,AS,2006,9,103
Armenia,ARM,AS,2007,7,91
Armenia,ARM,AS,2008,12,108
Armenia,ARM,AS,2009,14,134
Armenia,ARM,AS,2010,12,124
Armenia,ARM,AS,2011,12,142
Armenia,ARM,AS,2012,10,135
Armenia,ARM,AS,2013,,156
Armenia,ARM,AS,2014,,154
Armenia,ARM,AS,2015,,178
Armenia,ARM,AS,2016,11,194
Armenia,ARM,AS,2017,8,
Australia,AUS,OC,2003,,3162
Australia,AUS,OC,2004,,2746
Australia,AUS,OC,2005,,2557
Australia,AUS,OC,2006,,2517
Australia,AUS,OC,2007,,2345
Australia,AUS,OC,2008,17,2326
Australia,AUS,OC,2009,18,2199
Australia,AUS,OC,2010,66,2153
Australia,AUS,OC,2011,61,2224
Australia,AUS,OC,2012,57,2236
Australia,AUS,OC,2013,50,2121
Australia,AUS,OC,2014,42,2055
Australia,AUS,OC,2015,37,2122
Australia,AUS,OC,2016,39,2460
Australia,AUS,OC,2017,39,
Austria,AUT,EU,2004,59,2338
Austria,AUT,EU,2005,58,2150
Austria,AUT,EU,2006,62,2178
Austria,AUT,EU,2007,61,2101
Austria,AUT,EU,2008,57,1980
Austria,AUT,EU,2009,55,1930
Austria,AUT,EU,2010,51,1796
Austria,AUT,EU,2011,48,1713
Austria,AUT,EU,2012,48,1733
Austria,AUT,EU,2013,44,1754
Austria,AUT,EU,2014,41,1730
Austria,AUT,EU,2015,40,1631
Austria,AUT,EU,2016,36,1650
Azerbaijan,AZE,AS,2003,2,22
Azerbaijan,AZE,AS,2004,2,21
Azerbaijan,AZE,AS,2005,2,25
Azerbaijan,AZE,AS,2006,3,25
Azerbaijan,AZE,AS,2007,,22
Azerbaijan,AZE,AS,2008,,38
Azerbaijan,AZE,AS,2009,4,41
Azerbaijan,AZE,AS,2010,3,43
Azerbaijan,AZE,AS,2011,3,54
Azerbaijan,AZE,AS,2012,3,45
Azerbaijan,AZE,AS,2013,2,54
Azerbaijan,AZE,AS,2014,3,61
Azerbaijan,AZE,AS,2016,5,25
Azerbaijan,AZE,AS,2017,4,
Bahamas,BHS,NA,2005,,440
Bahamas,BHS,NA,2006,,382
Bahamas,BHS,NA,2007,,392
Bahamas,BHS,NA,2008,,442
Bahamas,BHS,NA,2009,89,443
Bahamas,BHS,NA,2010,93,546
Bahamas,BHS,NA,2011,101,537
Bahamas,BHS,NA,2012,99,533
Bahamas,BHS,NA,2017,166,
Bahrain,BHR,AS,2003,32,
Bahrain,BHR,AS,2004,59,
Bahrain,BHR,AS,2005,48,1114
Bahrain,BHR,AS,2006,25,889
Bahrain,BHR,AS,2007,29,707
Bahrain,BHR,AS,2008,27,681
Bangladesh,BGD,AS,2005,1,9
Bangladesh,BGD,AS,2006,1,9
Barbados,BRB,NA,2004,106,464
Barbados,BRB,NA,2005,120,412
Barbados,BRB,NA,2006,133,457
Barbados,BRB,NA,2007,142,709
Barbados,BRB,NA,2008,142,779
Barbados,BRB,NA,2009,138,744
Barbados,BRB,NA,2010,174,739
Barbados,BRB,NA,2011,168,833
Barbados,BRB,NA,2012,197,844
Barbados,BRB,NA,2013,124,657
Barbados,BRB,NA,2014,101,691
Barbados,BRB,NA,2015,106,596
Barbados,BRB,NA,2016,65,597
Belarus,BLR,EU,2003,106,765
Belarus,BLR,EU,2004,110,840
Belarus,BLR,EU,2005,120,1070
Belarus,BLR,EU,2006,102,1086
Belarus,BLR,EU,2007,92,1079
Belarus,BLR,EU,2008,70,917
Belarus,BLR,EU,2009,60,866
Belarus,BLR,EU,2010,50,775
Belarus,BLR,EU,2011,38,776
Belarus,BLR,EU,2012,28,594
Belarus,BLR,EU,2013,29,488
Belarus,BLR,EU,2014,26,427
Belgium,BEL,EU,2003,2085,2158
Belgium,BEL,EU,2004,1887,2077
Belgium,BEL,EU,2005,1814,2058
Belgium,BEL,EU,2006,1932,2069
Belgium,BEL,EU,2007,1886,2028
Belgium,BEL,EU,2008,1848,2063
Belgium,BEL,EU,2009,1743,2098
Belgium,BEL,EU,2010,1695,2156
Belgium,BEL,EU,2011,1779,2283
Belgium,BEL,EU,2012,1735,2225
Belgium,BEL,EU,2013,1616,2080
Belgium,BEL,EU,2014,195,1857
Belgium,BEL,EU,2015,196,1651
Belgium,BEL,EU,2017,167,
Belize,BLZ,NA,2005,236,592
Belize,BLZ,NA,2006,181,639
Belize,BLZ,NA,2009,174,376
Belize,BLZ,NA,2010,148,260
Belize,BLZ,NA,2011,136,283
Belize,BLZ,NA,2014,86,235
Belize,BLZ,NA,2016,63,205
Benin,BEN,AF,2017,2,
Bermuda,BMU,NA,2003,134,1494
Bermuda,BMU,NA,2004,118,1542
Bermuda,BMU,NA,2009,221,1134
Bermuda,BMU,NA,2010,155,951
Bermuda,BMU,NA,2011,151,925
Bermuda,BMU,NA,2012,133,885
Bermuda,BMU,NA,2013,51,774
Bermuda,BMU,NA,2014,53,1020
Bermuda,BMU,NA,2015,74,1029
Bermuda,BMU,NA,2016,,2190
Bermuda,BMU,NA,2017,83,
Bhutan,BTN,AS,2008,4,
Bhutan,BTN,AS,2009,3,49
Bhutan,BTN,AS,2010,7,68
Bhutan,BTN,AS,2011,6,68
Bhutan,BTN,AS,2012,4,66
Bhutan,BTN,AS,2013,5,77
Bhutan,BTN,AS,2014,,70
Bhutan,BTN,AS,2017,2,
Bolivia,BOL,SA,2005,94,42
Bolivia,BOL,SA,2006,92,41
Bolivia,BOL,SA,2007,111,46
Bolivia,BOL,SA,2008,137,50
Bolivia,BOL,SA,2009,136,55
Bolivia,BOL,SA,2010,126,51
Bolivia,BOL,SA,2011,118,45
Bolivia,BOL,SA,2012,141,51
Bosnia and Herzegovina,BIH,EU,2005,20,480
Bosnia and Herzegovina,BIH,EU,2006,20,478
Bosnia and Herzegovina,BIH,EU,2007,21,184
Bosnia and Herzegovina,BIH,EU,2008,19,168
Bosnia and Herzegovina,BIH,EU,2009,,130
Bosnia and Herzegovina,BIH,EU,2010,,296
Bosnia and Herzegovina,BIH,EU,2011,25,176
Bosnia and Herzegovina,BIH,EU,2012,26,174
Bosnia and Herzegovina,BIH,EU,2013,29,169
Bosnia and Herzegovina,BIH,EU,2014,27,155
Bosnia and Herzegovina,BIH,EU,2015,,128
Bosnia and Herzegovina,BIH,EU,2016,29,128
Bosnia and Herzegovina,BIH,EU,2017,20,
Botswana,BWA,AF,2009,150,1063
Botswana,BWA,AF,2010,117,1451
Botswana,BWA,AF,2011,118,1210
Botswana,BWA,AF,2014,76,1336
Brazil,BRA,SA,2006,469,1080
Brazil,BRA,SA,2007,481,1048
Brazil,BRA,SA,2008,480,958
Brazil,BRA,SA,2009,463,911
Brazil,BRA,SA,2010,544,696
Brazil,BRA,SA,2011,542,619
Brazil,BRA,SA,2012,484,704
Brazil,BRA,SA,2013,496,874
Brunei,BRN,AS,2003,5,257
Brunei,BRN,AS,2004,3,296
Brunei,BRN,AS,2005,3,332
Brunei,BRN,AS,2006,1,309
Bulgaria,BGR,EU,2003,63,604
Bulgaria,BGR,EU,2004,53,607
Bulgaria,BGR,EU,2005,49,561
Bulgaria,BGR,EU,2006,38,580
Bulgaria,BGR,EU,2007,40,556
Bulgaria,BGR,EU,2008,38,505
Bulgaria,BGR,EU,2009,48,534
Bulgaria,BGR,EU,2010,51,682
Bulgaria,BGR,EU,2011,42,643
Bulgaria,BGR,EU,2012,41,609
Bulgaria,BGR,EU,2013,41,624
Bulgaria,BGR,EU,2014,32,573
Bulgaria,BGR,EU,2015,27,536
Bulgaria,BGR,EU,2016,23,459
Bulgaria,BGR,EU,2017,22,
Burma (Myanmar),MMR,AS,2009,,4
Burma (Myanmar),MMR,AS,2010,,3
Burma (Myanmar),MMR,AS,2011,,4
Burma (Myanmar),MMR,AS,2012,,4
Burma (Myanmar),MMR,AS,2013,,5
Burma (Myanmar),MMR,AS,2014,,6
Burma (Myanmar),MMR,AS,2015,,5
Burma (Myanmar),MMR,AS,2016,,6
Burundi,BDI,AF,2008,45,
Burundi,BDI,AF,2009,46,
Burundi,BDI,AF,2010,32,
Burundi,BDI,AF,2011,44,
Burundi,BDI,AF,2012,42,9
Burundi,BDI,AF,2013,39,7
Burundi,BDI,AF,2014,42,7
Cameroon,CMR,AF,2003,,69
Cameroon,CMR,AF,2004,,70
Cameroon,CMR,AF,2005,,66
Cameroon,CMR,AF,2006,,73
Cameroon,CMR,AF,2007,,52
Cameroon,CMR,AF,2009,51,64
Cameroon,CMR,AF,2010,84,106
Cameroon,CMR,AF,2011,78,96
Cameroon,CMR,AF,2012,74,113
Cameroon,CMR,AF,2013,34,61
Cameroon,CMR,AF,2014,111,111
Cameroon,CMR,AF,2015,70,70
Cameroon,CMR,AF,2017,18,
Canada,CAN,NA,2003,102,2279
Canada,CAN,NA,2004,97,2165
Canada,CAN,NA,2005,101,2033
Canada,CAN,NA,2006,106,1947
Canada,CAN,NA,2007,104,1812
Canada,CAN,NA,2008,97,1708
Canada,CAN,NA,2009,96,1704
Canada,CAN,NA,2010,89,1595
Canada,CAN,NA,2011,86,1495
Canada,CAN,NA,2012,80,1477
Canada,CAN,NA,2013,66,1381
Canada,CAN,NA,2014,59,1369
Canada,CAN,NA,2015,61,1403
Canada,CAN,NA,2016,60,1409
Canada,CAN,NA,2017,62,
Cape Verde,CPV,AF,2012,882,753
Cape Verde,CPV,AF,2013,764,747
Cape Verde,CPV,AF,2014,760,778
Cape Verde,CPV,AF,2015,1051,799
Chile,CHL,SA,2004,401,
Chile,CHL,SA,2005,403,965
Chile,CHL,SA,2006,481,944
Chile,CHL,SA,2007,568,1020
Chile,CHL,SA,2008,539,1055
Chile,CHL,SA,2009,546,1136
Chile,CHL,SA,2010,480,1099
Chile,CHL,SA,2011,535,1210
Chile,CHL,SA,2012,470,1099
Chile,CHL,SA,2013,530,1071
Chile,CHL,SA,2014,599,1082
Chile,CHL,SA,2015,593,1026
Chile,CHL,SA,2016,647,969
Chile,CHL,SA,2017,633,
Colombia,COL,SA,2004,129,129
Colombia,COL,SA,2005,94,159
Colombia,COL,SA,2006,125,209
Colombia,COL,SA,2007,116,190
Colombia,COL,SA,2008,108,165
Colombia,COL,SA,2009,135,206
Colombia,COL,SA,2010,134,200
Colombia,COL,SA,2011,146,218
Colombia,COL,SA,2012,176,270
Colombia,COL,SA,2013,197,290
Colombia,COL,SA,2014,198,286
Colombia,COL,SA,2015,210,301
Colombia,COL,SA,2016,302,178
Colombia,COL,SA,2017,244,
Costa Rica,CRC,NA,2003,423,167
Costa Rica,CRC,NA,2004,470,187
Costa Rica,CRC,NA,2005,501,197
Costa Rica,CRC,NA,2006,950,240
Costa Rica,CRC,NA,2007,908,279
Costa Rica,CRC,NA,2008,975,309
Costa Rica,CRC,NA,2009,1015,390
Costa Rica,CRC,NA,2010,950,446
Costa Rica,CRC,NA,2011,879,446
Costa Rica,CRC,NA,2012,,309
Costa Rica,CRC,NA,2013,1019,697
Costa Rica,CRC,NA,2014,1096,
Costa Rica,CRC,NA,2017,1587,
Croatia,HRV,EU,2003,28,683
Croatia,HRV,EU,2004,37,700
Croatia,HRV,EU,2005,36,694
Croatia,HRV,EU,2006,33,678
Croatia,HRV,EU,2007,29,659
Croatia,HRV,EU,2008,29,308
Croatia,HRV,EU,2009,33,283
Croatia,HRV,EU,2010,29,315
Croatia,HRV,EU,2011,32,365
Croatia,HRV,EU,2012,37,403
Croatia,HRV,EU,2013,36,414
Croatia,HRV,EU,2014,30,283
Croatia,HRV,EU,2015,31,319
Croatia,HRV,EU,2016,25,302
Croatia,HRV,EU,2017,21,
Cyprus,CYP,EU,2003,7,151
Cyprus,CYP,EU,2004,10,111
Cyprus,CYP,EU,2005,8,116
Cyprus,CYP,EU,2006,8,153
Cyprus,CYP,EU,2007,7,157
Cyprus,CYP,EU,2008,7,131
Cyprus,CYP,EU,2009,13,118
Cyprus,CYP,EU,2010,14,151
Cyprus,CYP,EU,2011,12,151
Cyprus,CYP,EU,2012,15,137
Cyprus,CYP,EU,2013,13,109
Cyprus,CYP,EU,2014,9,84
Cyprus,CYP,EU,2015,8,79
Cyprus,CYP,EU,2016,,62
Cyprus,CYP,EU,2017,10,
Czechia,CZE,EU,2003,54,1384
Czechia,CZE,EU,2004,60,1588
Czechia,CZE,EU,2005,54,1507
Czechia,CZE,EU,2006,47,1471
Czechia,CZE,EU,2007,47,1493
Czechia,CZE,EU,2008,45,1417
Czechia,CZE,EU,2009,45,1323
Czechia,CZE,EU,2010,38,1202
Czechia,CZE,EU,2011,37,1180
Czechia,CZE,EU,2012,32,1132
Czechia,CZE,EU,2013,29,1191
Czechia,CZE,EU,2014,24,984
Czechia,CZE,EU,2015,19,1319
Czechia,CZE,EU,2016,16,677
Czechia,CZE,EU,2017,15,
Denmark,DNK,EU,2003,59,3458
Denmark,DNK,EU,2004,55,3379
Denmark,DNK,EU,2005,54,3103
Denmark,DNK,EU,2006,49,3050
Denmark,DNK,EU,2007,55,3234
Denmark,DNK,EU,2008,62,3458
Denmark,DNK,EU,2009,73,3389
Denmark,DNK,EU,2010,61,3443
Denmark,DNK,EU,2011,59,3541
Denmark,DNK,EU,2012,53,3427
Denmark,DNK,EU,2013,57,3345
Denmark,DNK,EU,2014,41,3796
Denmark,DNK,EU,2015,36,3430
Denmark,DNK,EU,2016,38,3949
Denmark,DNK,EU,2017,35,
Dominican Republic,DOM,NA,2012,21,99
Dominican Republic,DOM,NA,2014,144,235
Dominican Republic,DOM,NA,2016,66,8
Ecuador,ECU,SA,2003,230,32
Ecuador,ECU,SA,2004,229,35
Ecuador,ECU,SA,2005,347,43
Ecuador,ECU,SA,2006,377,43
Ecuador,ECU,SA,2009,357,17
Ecuador,ECU,SA,2010,362,34
Ecuador,ECU,SA,2011,476,77
Ecuador,ECU,SA,2012,557,104
Ecuador,ECU,SA,2013,602,122
Ecuador,ECU,SA,2014,571,153
Ecuador,ECU,SA,2016,503,194
Ecuador,ECU,SA,2017,457,
Egypt,EGY,AF,2003,1,42
Egypt,EGY,AF,2004,1,44
Egypt,EGY,AF,2005,1,47
Egypt,EGY,AF,2006,1,62
Egypt,EGY,AF,2007,1,65
Egypt,EGY,AF,2008,1,70
Egypt,EGY,AF,2009,1,51
Egypt,EGY,AF,2010,1,94
Egypt,EGY,AF,2011,3,104
El Salvador,SLV,NA,2005,82,180
El Salvador,SLV,NA,2006,94,191
El Salvador,SLV,NA,2007,95,136
El Salvador,SLV,NA,2008,100,158
El Salvador,SLV,NA,2009,108,169
El Salvador,SLV,NA,2010,90,160
El Salvador,SLV,NA,2011,95,180
El Salvador,SLV,NA,2012,91,169
El Salvador,SLV,NA,2013,88,152
El Salvador,SLV,NA,2014,77,123
El Salvador,SLV,NA,2015,84,139
Estonia,EST,EU,2003,137,2492
Estonia,EST,EU,2004,120,2284
Estonia,EST,EU,2005,98,2246
Estonia,EST,EU,2006,75,1972
Estonia,EST,EU,2007,66,1613
Estonia,EST,EU,2008,68,1677
Estonia,EST,EU,2009,54,1789
Estonia,EST,EU,2010,45,1896
Estonia,EST,EU,2011,40,1519
Estonia,EST,EU,2012,35,1407
Estonia,EST,EU,2013,36,1247
Estonia,EST,EU,2014,27,1196
Estonia,EST,EU,2015,26,865
Estonia,EST,EU,2017,15,
Finland,FIN,EU,2003,39,2712
Finland,FIN,EU,2004,39,2515
Finland,FIN,EU,2005,35,2384
Finland,FIN,EU,2006,32,2262
Finland,FIN,EU,2007,34,2242
Finland,FIN,EU,2008,32,2262
Finland,FIN,EU,2009,31,2330
Finland,FIN,EU,2010,28,2268
Finland,FIN,EU,2011,30,2295
Finland,FIN,EU,2012,30,2089
Finland,FIN,EU,2013,28,2153
Finland,FIN,EU,2014,31,1864
Finland,FIN,EU,2015,28,1771
Finland,FIN,EU,2016,30,2081
Finland,FIN,EU,2017,30,
France,FRA,EU,2003,207,1381
France,FRA,EU,2004,197,1377
France,FRA,EU,2005,204,1364
France,FRA,EU,2006,206,1336
France,FRA,EU,2007,182,1244
France,FRA,EU,2008,171,1205
France,FRA,EU,2009,180,1876
France,FRA,EU,2010,192,1849
France,FRA,EU,2011,191,1826
France,FRA,EU,2012,195,1833
France,FRA,EU,2013,195,1906
France,FRA,EU,2014,178,1958
France,FRA,EU,2015,163,1907
France,FRA,EU,2016,153,2135
France,FRA,EU,2017,150,
Georgia,GEO,AS,2003,12,
Georgia,GEO,AS,2004,29,235
Georgia,GEO,AS,2005,47,363
Georgia,GEO,AS,2006,62,624
Georgia,GEO,AS,2007,37,424
Georgia,GEO,AS,2008,27,341
Georgia,GEO,AS,2009,22,267
Georgia,GEO,AS,2010,15,268
Georgia,GEO,AS,2014,12,237
Germany,DEU,EU,2003,73,3043
Germany,DEU,EU,2004,73,2960
Germany,DEU,EU,2005,68,2750
Germany,DEU,EU,2006,66,2621
Germany,DEU,EU,2007,66,2566
Germany,DEU,EU,2008,62,2435
Germany,DEU,EU,2009,61,1516
Germany,DEU,EU,2010,60,1517
Germany,DEU,EU,2011,60,1587
Germany,DEU,EU,2012,61,1575
Germany,DEU,EU,2013,59,1596
Germany,DEU,EU,2014,56,1624
Germany,DEU,EU,2015,55,1657
Germany,DEU,EU,2016,53,1576
Germany,DEU,EU,2017,47,
Greece,GRC,EU,2003,21,619
Greece,GRC,EU,2004,21,510
Greece,GRC,EU,2005,19,557
Greece,GRC,EU,2006,22,627
Greece,GRC,EU,2007,25,728
Greece,GRC,EU,2008,30,818
Greece,GRC,EU,2009,42,889
Greece,GRC,EU,2010,54,1060
Greece,GRC,EU,2011,60,1158
Greece,GRC,EU,2012,54,1072
Greece,GRC,EU,2013,45,935
Greece,GRC,EU,2014,35,852
Greece,GRC,EU,2015,39,916
Greece,GRC,EU,2016,42,909
Greece,GRC,EU,2017,40,
Grenada,GRD,NA,2005,44,1761
Grenada,GRD,NA,2006,48,1876
Grenada,GRD,NA,2007,58,1783
Grenada,GRD,NA,2008,41,2000
Grenada,GRD,NA,2009,18,897
Grenada,GRD,NA,2010,25,918
Grenada,GRD,NA,2011,36,1241
Grenada,GRD,NA,2012,23,1456
Grenada,GRD,NA,2013,19,1210
Grenada,GRD,NA,2014,23,1268
Grenada,GRD,NA,2015,71,1948
Grenada,GRD,NA,2016,51,2307
Grenada,GRD,NA,2017,52,
Guatemala,GTM,NA,2004,94,40
Guatemala,GTM,NA,2005,83,33
Guatemala,GTM,NA,2006,68,29
Guatemala,GTM,NA,2007,70,30
Guatemala,GTM,NA,2008,72,33
Guatemala,GTM,NA,2009,27,42
Guatemala,GTM,NA,2010,22,44
Guatemala,GTM,NA,2011,23,54
Guatemala,GTM,NA,2012,25,59
Guatemala,GTM,NA,2013,24,
Guatemala,GTM,NA,2014,19,
Guatemala,GTM,NA,2016,274,296
Guinea,GIN,AF,2007,2,13
Guyana,GUY,SA,2009,163,
Guyana,GUY,SA,2010,145,519
Guyana,GUY,SA,2011,158,253
Guyana,GUY,SA,2012,185,220
Guyana,GUY,SA,2013,201,381
Guyana,GUY,SA,2015,191,674
Guyana,GUY,SA,2016,167,623
Guyana,GUY,SA,2017,160,
Honduras,HND,NA,2007,,81
Honduras,HND,NA,2008,,72
Honduras,HND,NA,2009,,66
Honduras,HND,NA,2010,,60
Honduras,HND,NA,2011,326,53
Honduras,HND,NA,2012,254,65
Honduras,HND,NA,2013,238,58
Honduras,HND,NA,2015,127,36
Honduras,HND,NA,2016,183,34
Honduras,HND,NA,2017,121,
Hong Kong,HKG,AS,2003,47,597
Hong Kong,HKG,AS,2004,33,548
Hong Kong,HKG,AS,2005,25,515
Hong Kong,HKG,AS,2006,23,541
Hong Kong,HKG,AS,2007,18,534
Hong Kong,HKG,AS,2008,16,510
Hong Kong,HKG,AS,2009,13,497
Hong Kong,HKG,AS,2010,11,491
Hong Kong,HKG,AS,2011,10,497
Hong Kong,HKG,AS,2012,9,474
Hong Kong,HKG,AS,2013,7,441
Hungary,HUN,EU,2003,32,1230
Hungary,HUN,EU,2004,32,1280
Hungary,HUN,EU,2005,30,1251
Hungary,HUN,EU,2006,27,1217
Hungary,HUN,EU,2007,31,1237
Hungary,HUN,EU,2008,31,1185
Hungary,HUN,EU,2009,32,1168
Hungary,HUN,EU,2010,34,1340
Hungary,HUN,EU,2011,32,1299
Hungary,HUN,EU,2012,31,1308
Hungary,HUN,EU,2013,23,1252
Hungary,HUN,EU,2014,20,1081
Hungary,HUN,EU,2016,11,960
Hungary,HUN,EU,2017,9,
Iceland,ISL,EU,2003,14,2208
Iceland,ISL,EU,2004,12,1167
Iceland,ISL,EU,2005,17,1072
Iceland,ISL,EU,2006,17,1149
Iceland,ISL,EU,2007,14,1013
Iceland,ISL,EU,2008,14,1397
Iceland,ISL,EU,2009,19,1627
Iceland,ISL,EU,2010,13,1547
Iceland,ISL,EU,2011,13,1309
Iceland,ISL,EU,2012,16,1282
Iceland,ISL,EU,2013,15,1261
Iceland,ISL,EU,2014,16,1121
Iceland,ISL,EU,2015,16,1224
Iceland,ISL,EU,2016,15,1043
Iceland,ISL,EU,2017,14,
India,IND,AS,2004,2,24
India,IND,AS,2005,2,24
India,IND,AS,2006,2,24
India,IND,AS,2007,2,24
India,IND,AS,2008,2,27
India,IND,AS,2009,2,27
India,IND,AS,2010,2,27
India,IND,AS,2011,2,27
India,IND,AS,2012,3,27
India,IND,AS,2013,3,29
Indonesia,IDN,AS,2008,4,10
Indonesia,IDN,AS,2009,5,11
Indonesia,IDN,AS,2010,4,10
Indonesia,IDN,AS,2011,5,11
Indonesia,IDN,AS,2012,5,10
Indonesia,IDN,AS,2013,5,10
Indonesia,IDN,AS,2014,5,10
Indonesia,IDN,AS,2015,5,10
Indonesia,IDN,AS,2016,5,10
Indonesia,IDN,AS,2017,4,
Iran,IRN,AS,2003,,153
Iran,IRN,AS,2004,,158
Iraq,IRQ,AS,2014,,35
Ireland,IRL,EU,2003,42,1432
Ireland,IRL,EU,2004,64,1404
Ireland,IRL,EU,2005,58,1401
Ireland,IRL,EU,2006,58,1417
Ireland,IRL,EU,2007,50,1405
Ireland,IRL,EU,2008,51,1396
Ireland,IRL,EU,2009,55,1402
Ireland,IRL,EU,2010,69,1417
Ireland,IRL,EU,2011,63,1431
Ireland,IRL,EU,2012,60,1456
Ireland,IRL,EU,2013,60,1528
Ireland,IRL,EU,2014,57,1496
Ireland,IRL,EU,2015,55,1482
Ireland,IRL,EU,2016,44,1372
Ireland,IRL,EU,2017,45,
Israel,ISR,AS,2004,37,2092
Israel,ISR,AS,2005,66,1897
Israel,ISR,AS,2006,58,1702
Israel,ISR,AS,2007,45,1462
Israel,ISR,AS,2008,40,1269
Israel,ISR,AS,2010,39,975
Israel,ISR,AS,2011,36,936
Italy,ITA,EU,2003,72,2290
Italy,ITA,EU,2004,79,2514
Italy,ITA,EU,2005,112,1871
Italy,ITA,EU,2006,121,1938
Italy,ITA,EU,2007,125,1977
Italy,ITA,EU,2008,109,1674
Italy,ITA,EU,2009,85,1579
Italy,ITA,EU,2010,81,1584
Italy,ITA,EU,2011,98,1741
Italy,ITA,EU,2012,105,1786
Italy,ITA,EU,2013,107,1840
Italy,ITA,EU,2014,98,1876
Italy,ITA,EU,2015,59,1748
Italy,ITA,EU,2017,51,
Ivory Coast,CIV,AF,2007,4,
Ivory Coast,CIV,AF,2008,3,
Jamaica,JAM,NA,2006,75,
Jamaica,JAM,NA,2007,59,
Jamaica,JAM,NA,2008,98,
Jamaica,JAM,NA,2009,111,
Jamaica,JAM,NA,2010,104,
Jamaica,JAM,NA,2011,112,
Jamaica,JAM,NA,2012,100,115
Jamaica,JAM,NA,2013,96,75
Jamaica,JAM,NA,2014,81,
Jamaica,JAM,NA,2015,68,
Jamaica,JAM,NA,2016,50,7
Jamaica,JAM,NA,2017,43,
Japan,JPN,AS,2004,6,837
Japan,JPN,AS,2005,5,727
Japan,JPN,AS,2006,4,638
Japan,JPN,AS,2007,4,585
Japan,JPN,AS,2008,3,566
Japan,JPN,AS,2009,4,517
Japan,JPN,AS,2010,3,486
Japan,JPN,AS,2011,3,458
Japan,JPN,AS,2012,3,430
Japan,JPN,AS,2013,3,392
Japan,JPN,AS,2014,2,356
Japan,JPN,AS,2016,2,293
Jordan,JOR,AS,2005,12,133
Jordan,JOR,AS,2006,15,162
Jordan,JOR,AS,2007,,177
Jordan,JOR,AS,2008,,171
Jordan,JOR,AS,2009,,170
Jordan,JOR,AS,2010,,187
Jordan,JOR,AS,2011,,207
Jordan,JOR,AS,2012,,193
Jordan,JOR,AS,2017,6,
Kazakhstan,KAZ,AS,2005,85,409
Kazakhstan,KAZ,AS,2006,81,380
Kazakhstan,KAZ,AS,2007,69,327
Kazakhstan,KAZ,AS,2008,71,331
Kazakhstan,KAZ,AS,2009,58,304
Kazakhstan,KAZ,AS,2010,66,368
Kazakhstan,KAZ,AS,2011,109,735
Kazakhstan,KAZ,AS,2012,120,1061
Kazakhstan,KAZ,AS,2013,110,1229
Kazakhstan,KAZ,AS,2014,82,1192
Kazakhstan,KAZ,AS,2015,69,1185
Kazakhstan,KAZ,AS,2017,52,
Kenya,KEN,AF,2004,23,37
Kenya,KEN,AF,2005,20,35
Kenya,KEN,AF,2006,14,28
Kenya,KEN,AF,2007,9,28
Kenya,KEN,AF,2008,9,29
Kenya,KEN,AF,2009,8,31
Kenya,KEN,AF,2010,7,30
Kenya,KEN,AF,2011,8,33
Kenya,KEN,AF,2012,8,33
Kenya,KEN,AF,2013,8,26
Kenya,KEN,AF,2014,7,22
Kenya,KEN,AF,2015,6,21
Kenya,KEN,AF,2016,5,3
Kenya,KEN,AF,2017,5,
Kuwait,KWT,AS,2004,20,334
Kuwait,KWT,AS,2005,19,433
Kuwait,KWT,AS,2006,28,392
Kuwait,KWT,AS,2007,29,386
Kuwait,KWT,AS,2008,30,347
Kuwait,KWT,AS,2009,23,282
Kyrgyzstan,KGZ,AS,2003,,285
Kyrgyzstan,KGZ,AS,2004,,238
Kyrgyzstan,KGZ,AS,2005,53,241
Kyrgyzstan,KGZ,AS,2006,47,212
Kyrgyzstan,KGZ,AS,2007,48,214
Kyrgyzstan,KGZ,AS,2008,44,207
Kyrgyzstan,KGZ,AS,2009,44,203
Kyrgyzstan,KGZ,AS,2010,51,181
Kyrgyzstan,KGZ,AS,2011,44,216
Kyrgyzstan,KGZ,AS,2012,37,192
Kyrgyzstan,KGZ,AS,2013,28,174
Kyrgyzstan,KGZ,AS,2014,,155
Kyrgyzstan,KGZ,AS,2015,,167
Kyrgyzstan,KGZ,AS,2016,16,156
Kyrgyzstan,KGZ,AS,2017,13,
Latvia,LVA,EU,2003,109,1023
Latvia,LVA,EU,2004,109,1389
Latvia,LVA,EU,2005,97,1090
Latvia,LVA,EU,2006,102,1062
Latvia,LVA,EU,2007,68,904
Latvia,LVA,EU,2008,67,1103
Latvia,LVA,EU,2009,72,1278
Latvia,LVA,EU,2010,51,1227
Latvia,LVA,EU,2011,51,
Latvia,LVA,EU,2012,46,1048
Latvia,LVA,EU,2013,46,1025
Latvia,LVA,EU,2014,41,1034
Latvia,LVA,EU,2015,40,984
Latvia,LVA,EU,2016,,739
Latvia,LVA,EU,2017,31,
Lebanon,LBN,AS,2008,,612
Lebanon,LBN,AS,2009,,660
Lebanon,LBN,AS,2010,1,662
Lebanon,LBN,AS,2011,1,714
Lebanon,LBN,AS,2012,1,699
Lebanon,LBN,AS,2013,1,616
Lebanon,LBN,AS,2014,,506
Lebanon,LBN,AS,2015,40,428
Lesotho,LSO,AF,2007,51,243
Lesotho,LSO,AF,2008,55,252
Lesotho,LSO,AF,2009,64,226
Liechtenstein,LIE,EU,2003,12,493
Liechtenstein,LIE,EU,2004,6,414
Liechtenstein,LIE,EU,2005,3,502
Liechtenstein,LIE,EU,2006,11,669
Liechtenstein,LIE,EU,2007,14,522
Liechtenstein,LIE,EU,2008,3,454
Liechtenstein,LIE,EU,2009,6,539
Liechtenstein,LIE,EU,2010,6,480
Liechtenstein,LIE,EU,2011,3,504
Liechtenstein,LIE,EU,2012,14,536
Liechtenstein,LIE,EU,2013,3,629
Liechtenstein,LIE,EU,2014,3,574
Liechtenstein,LIE,EU,2015,8,514
Liechtenstein,LIE,EU,2016,11,521
Lithuania,LTU,EU,2003,144,857
Lithuania,LTU,EU,2004,158,863
Lithuania,LTU,EU,2005,156,826
Lithuania,LTU,EU,2006,131,755
Lithuania,LTU,EU,2007,117,708
Lithuania,LTU,EU,2008,107,840
Lithuania,LTU,EU,2009,106,896
Lithuania,LTU,EU,2010,87,850
Lithuania,LTU,EU,2011,82,889
Lithuania,LTU,EU,2012,64,778
Lithuania,LTU,EU,2013,63,771
Lithuania,LTU,EU,2014,58,739
Lithuania,LTU,EU,2015,55,699
Lithuania,LTU,EU,2016,46,685
Lithuania,LTU,EU,2017,38,
Luxembourg,LUX,EU,2006,67,1403
Luxembourg,LUX,EU,2007,83,1341
Luxembourg,LUX,EU,2008,67,1377
Luxembourg,LUX,EU,2009,84,1342
Luxembourg,LUX,EU,2010,74,1421
Luxembourg,LUX,EU,2011,77,1688
Luxembourg,LUX,EU,2012,99,1736
Luxembourg,LUX,EU,2013,107,1897
Luxembourg,LUX,EU,2014,111,1843
Luxembourg,LUX,EU,2017,76,
Macao,MAC,AS,2008,75,566
Macao,MAC,AS,2009,51,559
Macao,MAC,AS,2010,33,526
Macao,MAC,AS,2011,36,595
Macao,MAC,AS,2012,32,533
Macao,MAC,AS,2013,26,529
Macao,MAC,AS,2014,21,468
Macao,MAC,AS,2015,19,450
Macao,MAC,AS,2016,16,480
Macao,MAC,AS,2017,17,
Madagascar,MDG,AF,2014,9,1
Madagascar,MDG,AF,2015,7,1
Malaysia,MYS,AS,2005,60,133
Malaysia,MYS,AS,2006,82,141
Maldives,MDV,AS,2003,91,
Maldives,MDV,AS,2004,156,
Maldives,MDV,AS,2007,130,
Maldives,MDV,AS,2008,187,1223
Maldives,MDV,AS,2009,181,1227
Maldives,MDV,AS,2010,165,1203
Maldives,MDV,AS,2011,212,1398
Maldives,MDV,AS,2012,282,1906
Maldives,MDV,AS,2013,208,1903
Malta,MLT,EU,2003,50,2801
Malta,MLT,EU,2004,67,2904
Malta,MLT,EU,2005,65,2421
Malta,MLT,EU,2006,56,2165
Malta,MLT,EU,2007,50,2228
Malta,MLT,EU,2008,36,2000
Malta,MLT,EU,2009,49,1671
Malta,MLT,EU,2010,48,1885
Malta,MLT,EU,2011,53,2058
Malta,MLT,EU,2012,62,2091
Malta,MLT,EU,2013,50,2032
Malta,MLT,EU,2014,45,1963
Malta,MLT,EU,2015,58,2067
Mauritius,MUS,AF,2003,71,915
Mauritius,MUS,AF,2004,86,1151
Mauritius,MUS,AF,2005,111,1172
Mauritius,MUS,AF,2006,99,1097
Mauritius,MUS,AF,2007,132,1278
Mauritius,MUS,AF,2008,116,1229
Mauritius,MUS,AF,2009,113,1009
Mauritius,MUS,AF,2010,87,864
Mauritius,MUS,AF,2011,65,730
Mexico,MEX,NA,2004,476,77
Mexico,MEX,NA,2005,470,77
Mexico,MEX,NA,2006,490,77
Mexico,MEX,NA,2007,540,88
Mexico,MEX,NA,2008,571,92
Mexico,MEX,NA,2009,583,113
Mexico,MEX,NA,2010,622,111
Mexico,MEX,NA,2011,625,112
Mexico,MEX,NA,2012,612,76
Mexico,MEX,NA,2013,589,73
Mexico,MEX,NA,2014,142,140
Mexico,MEX,NA,2015,129,114
Mexico,MEX,NA,2016,125,243
Mexico,MEX,NA,2017,179,
Moldova,MDA,EU,2003,,359
Moldova,MDA,EU,2004,,297
Moldova,MDA,EU,2005,5,277
Moldova,MDA,EU,2006,4,227
Moldova,MDA,EU,2007,4,236
Moldova,MDA,EU,2008,4,235
Moldova,MDA,EU,2009,5,223
Moldova,MDA,EU,2010,5,334
Moldova,MDA,EU,2011,4,369
Moldova,MDA,EU,2012,4,351
Moldova,MDA,EU,2013,4,378
Moldova,MDA,EU,2014,3,411
Monaco,MCO,EU,2003,6,
Monaco,MCO,EU,2005,21,958
Monaco,MCO,EU,2006,12,1006
Monaco,MCO,EU,2016,,1080
Mongolia,MNG,AS,2003,33,356
Mongolia,MNG,AS,2004,26,315
Mongolia,MNG,AS,2005,23,265
Mongolia,MNG,AS,2006,18,260
Mongolia,MNG,AS,2007,25,306
Mongolia,MNG,AS,2008,31,251
Mongolia,MNG,AS,2009,28,239
Mongolia,MNG,AS,2010,19,213
Mongolia,MNG,AS,2011,19,191
Mongolia,MNG,AS,2012,20,223
Mongolia,MNG,AS,2013,22,276
Mongolia,MNG,AS,2014,24,290
Mongolia,MNG,AS,2015,18,310
Mongolia,MNG,AS,2016,16,300
Mongolia,MNG,AS,2017,40,
Montenegro,MNE,EU,2003,8,257
Montenegro,MNE,EU,2004,12,206
Montenegro,MNE,EU,2005,14,250
Montenegro,MNE,EU,2006,13,195
Montenegro,MNE,EU,2007,2,172
Montenegro,MNE,EU,2008,,125
Montenegro,MNE,EU,2009,1,97
Montenegro,MNE,EU,2010,1,85
Montenegro,MNE,EU,2011,1,108
Montenegro,MNE,EU,2012,1,137
Montenegro,MNE,EU,2013,1,118
Montenegro,MNE,EU,2014,30,143
Montenegro,MNE,EU,2015,25,132
Montenegro,MNE,EU,2016,20,81
Montenegro,MNE,EU,2017,19,
Morocco,MAR,AF,2003,55,234
Morocco,MAR,AF,2004,51,217
Morocco,MAR,AF,2005,49,204
Morocco,MAR,AF,2006,71,240
Morocco,MAR,AF,2007,72,255
Morocco,MAR,AF,2008,74,255
Morocco,MAR,AF,2009,82,247
Morocco,MAR,AF,2012,,292
Morocco,MAR,AF,2013,44,322
Morocco,MAR,AF,2017,135,
Mozambique,MOZ,AF,2004,37,30
Mozambique,MOZ,AF,2005,32,26
Mozambique,MOZ,AF,2006,26,22
Mozambique,MOZ,AF,2007,27,24
Mozambique,MOZ,AF,2008,25,22
Mozambique,MOZ,AF,2009,22,20
Nepal,NPL,AS,2005,1,2
Nepal,NPL,AS,2006,1,2
Nepal,NPL,AS,2016,,4
Netherlands,NLD,EU,2003,128,5308
Netherlands,NLD,EU,2004,113,4862
Netherlands,NLD,EU,2005,101,4642
Netherlands,NLD,EU,2006,88,4336
Netherlands,NLD,EU,2007,83,4160
Netherlands,NLD,EU,2008,80,4131
Netherlands,NLD,EU,2009,98,4111
Netherlands,NLD,EU,2010,97,3981
Netherlands,NLD,EU,2011,92,4013
Netherlands,NLD,EU,2012,88,3894
Netherlands,NLD,EU,2013,78,3835
Netherlands,NLD,EU,2014,61,3481
Netherlands,NLD,EU,2015,57,3215
Netherlands,NLD,EU,2016,53,1791
Netherlands,NLD,EU,2017,47,
New Zealand,NZL,OC,2005,56,3088
New Zealand,NZL,OC,2006,70,3069
New Zealand,NZL,OC,2007,65,2896
New Zealand,NZL,OC,2008,62,2791
New Zealand,NZL,OC,2009,62,2845
New Zealand,NZL,OC,2010,57,2677
New Zealand,NZL,OC,2011,53,2605
New Zealand,NZL,OC,2012,47,2292
New Zealand,NZL,OC,2013,46,2280
New Zealand,NZL,OC,2014,45,
New Zealand,NZL,OC,2017,78,
Nicaragua,NIC,NA,2005,397,270
Nicaragua,NIC,NA,2006,447,321
Nicaragua,NIC,NA,2010,496,182
Nigeria,NGA,AF,2007,2,14
Nigeria,NGA,AF,2008,2,16
Nigeria,NGA,AF,2009,4,26
Nigeria,NGA,AF,2010,1,13
Nigeria,NGA,AF,2012,2,13
Nigeria,NGA,AF,2013,1,14
North Macedonia,MKD,EU,2005,35,
North Macedonia,MKD,EU,2006,23,228
North Macedonia,MKD,EU,2007,26,270
North Macedonia,MKD,EU,2008,22,294
North Macedonia,MKD,EU,2009,29,250
North Macedonia,MKD,EU,2010,29,237
North Macedonia,MKD,EU,2011,25,245
North Macedonia,MKD,EU,2012,23,274
North Macedonia,MKD,EU,2013,23,267
North Macedonia,MKD,EU,2014,15,240
North Macedonia,MKD,EU,2017,20,
Norway,NOR,EU,2003,32,2810
Norway,NOR,EU,2004,35,3231
Norway,NOR,EU,2005,31,2997
Norway,NOR,EU,2006,30,2861
Norway,NOR,EU,2007,31,2761
Norway,NOR,EU,2008,34,2644
Norway,NOR,EU,2009,37,2762
Norway,NOR,EU,2010,35,2590
Norway,NOR,EU,2011,33,2542
Norway,NOR,EU,2012,30,2660
Norway,NOR,EU,2013,33,2492
Norway,NOR,EU,2014,21,2194
Norway,NOR,EU,2016,15,1991
Norway,NOR,EU,2017,15,
Oman,OMN,AS,2007,5,232
Oman,OMN,AS,2008,10,208
Oman,OMN,AS,2017,1,
Pakistan,PAK,AS,2016,7,21
Pakistan,PAK,AS,2017,6,
Palestine,PS,AS,2003,1,105
Palestine,PS,AS,2004,2,133
Palestine,PS,AS,2005,6,122
Palestine,PS,AS,2008,72,72
Palestine,PS,AS,2009,73,72
Palestine,PS,AS,2010,70,67
Palestine,PS,AS,2011,55,55
Palestine,PS,AS,2012,46,45
Palestine,PS,AS,2013,85,
Panama,PAN,NA,2004,152,364
Panama,PAN,NA,2005,158,421
Panama,PAN,NA,2006,173,531
Panama,PAN,NA,2007,185,407
Panama,PAN,NA,2008,225,475
Panama,PAN,NA,2009,229,510
Panama,PAN,NA,2010,263,504
Panama,PAN,NA,2011,263,501
Panama,PAN,NA,2012,268,542
Panama,PAN,NA,2013,,541
Panama,PAN,NA,2014,253,550
Panama,PAN,NA,2015,208,480
Panama,PAN,NA,2016,191,396
Panama,PAN,NA,2017,243,
Paraguay,PRY,SA,2006,153,
Paraguay,PRY,SA,2007,179,
Paraguay,PRY,SA,2008,180,413
Paraguay,PRY,SA,2009,213,455
Paraguay,PRY,SA,2010,220,502
Paraguay,PRY,SA,2011,215,536
Paraguay,PRY,SA,2012,235,570
Paraguay,PRY,SA,2013,274,599
Paraguay,PRY,SA,2014,310,591
Paraguay,PRY,SA,2015,317,573
Paraguay,PRY,SA,2016,331,630
Paraguay,PRY,SA,2017,29,
Peru,PER,SA,2003,143,216
Peru,PER,SA,2004,157,211
Peru,PER,SA,2005,165,190
Peru,PER,SA,2006,165,177
Peru,PER,SA,2007,147,160
Peru,PER,SA,2008,150,165
Peru,PER,SA,2009,168,171
Peru,PER,SA,2010,193,190
Peru,PER,SA,2011,217,210
Peru,PER,SA,2012,253,253
Peru,PER,SA,2013,261,273
Peru,PER,SA,2014,251,289
Peru,PER,SA,2015,264,301
Peru,PER,SA,2016,242,299
Peru,PER,SA,2017,223,
Philippines,PHL,AS,2003,9,12
Philippines,PHL,AS,2004,9,13
Philippines,PHL,AS,2005,9,13
Philippines,PHL,AS,2006,8,11
Philippines,PHL,AS,2007,7,9
Philippines,PHL,AS,2008,7,9
Philippines,PHL,AS,2009,49,111
Philippines,PHL,AS,2010,39,78
Philippines,PHL,AS,2011,33,59
Philippines,PHL,AS,2012,28,45
Philippines,PHL,AS,2013,51,127
Philippines,PHL,AS,2014,44,114
Philippines,PHL,AS,2016,20,48
Philippines,PHL,AS,2017,15,
Poland,POL,EU,2003,134,733
Poland,POL,EU,2004,127,749
Poland,POL,EU,2005,110,725
Poland,POL,EU,2006,91,650
Poland,POL,EU,2007,59,571
Poland,POL,EU,2008,55,511
Poland,POL,EU,2009,50,495
Poland,POL,EU,2010,50,529
Poland,POL,EU,2011,46,597
Poland,POL,EU,2012,43,598
Poland,POL,EU,2013,32,518
Poland,POL,EU,2014,24,433
Poland,POL,EU,2015,21,358
Poland,POL,EU,2016,25,331
Poland,POL,EU,2017,21,
Portugal,PRT,EU,2003,190,991
Portugal,PRT,EU,2004,202,978
Portugal,PRT,EU,2005,193,876
Portugal,PRT,EU,2006,199,836
Portugal,PRT,EU,2007,175,839
Portugal,PRT,EU,2008,197,961
Portugal,PRT,EU,2009,193,932
Portugal,PRT,EU,2010,193,898
Portugal,PRT,EU,2011,193,932
Portugal,PRT,EU,2012,176,973
Portugal,PRT,EU,2013,159,907
Portugal,PRT,EU,2014,150,875
Portugal,PRT,EU,2015,149,835
Portugal,PRT,EU,2016,128,749
Portugal,PRT,EU,2017,115,
Puerto Rico,PRI,NA,2008,147,888
Puerto Rico,PRI,NA,2009,164,823
Puerto Rico,PRI,NA,2010,176,722
Puerto Rico,PRI,NA,2011,175,791
Puerto Rico,PRI,NA,2012,170,827
Puerto Rico,PRI,NA,2013,163,796
Puerto Rico,PRI,NA,2014,140,785
Puerto Rico,PRI,NA,2015,111,665
Puerto Rico,PRI,NA,2016,89,631
Puerto Rico,PRI,NA,2017,86,
Qatar,QAT,AS,2003,3,113
Qatar,QAT,AS,2004,3,100
Qatar,QAT,AS,2005,,107
Qatar,QAT,AS,2006,,106
Romania,ROU,EU,2003,13,269
Romania,ROU,EU,2004,14,223
Romania,ROU,EU,2005,16,202
Romania,ROU,EU,2006,19,196
Romania,ROU,EU,2007,12,212
Romania,ROU,EU,2008,12,191
Romania,ROU,EU,2009,12,226
Romania,ROU,EU,2010,12,241
Romania,ROU,EU,2011,11,235
Romania,ROU,EU,2012,16,284
Romania,ROU,EU,2013,15,291
Romania,ROU,EU,2014,33,837
Romania,ROU,EU,2015,17,556
Romania,ROU,EU,2016,16,466
Romania,ROU,EU,2017,16,
Russia,RUS,EU,2004,175,889
Russia,RUS,EU,2005,240,1095
Russia,RUS,EU,2006,249,1170
Russia,RUS,EU,2007,206,1094
Russia,RUS,EU,2008,171,927
Russia,RUS,EU,2009,144,830
Russia,RUS,EU,2010,115,774
Russia,RUS,EU,2011,89,725
Russia,RUS,EU,2012,77,693
Russia,RUS,EU,2013,64,644
Russia,RUS,EU,2014,54,634
Russia,RUS,EU,2015,51,710
Russia,RUS,EU,2016,8,512
Russia,RUS,EU,2017,6,
Rwanda,RWA,AF,2008,18,
Rwanda,RWA,AF,2009,21,
Rwanda,RWA,AF,2010,20,
Rwanda,RWA,AF,2011,17,
Rwanda,RWA,AF,2012,24,
Rwanda,RWA,AF,2013,25,
Saint Vincent and the Grenadines,VCT,NA,2004,57,1858
Saint Vincent and the Grenadines,VCT,NA,2005,67,1778
Saint Vincent and the Grenadines,VCT,NA,2006,73,1698
Saint Vincent and the Grenadines,VCT,NA,2007,51,1404
Saint Vincent and the Grenadines,VCT,NA,2008,43,1584
Saint Vincent and the Grenadines,VCT,NA,2009,62,1689
Saint Vincent and the Grenadines,VCT,NA,2010,107,1739
Saint Vincent and the Grenadines,VCT,NA,2011,156,2115
Saint Vincent and the Grenadines,VCT,NA,2012,146,1924
Saint Vincent and the Grenadines,VCT,NA,2013,136,
Saint Vincent and the Grenadines,VCT,NA,2016,72,
Sao Tome and Principe,STP,AF,2006,,1
Sao Tome and Principe,STP,AF,2009,,3
Sao Tome and Principe,STP,AF,2010,1,9
Sao Tome and Principe,STP,AF,2011,1,12
Saudi Arabia,SAU,AS,2017,9,
Senegal,SEN,AF,2005,24,
Senegal,SEN,AF,2006,23,
Senegal,SEN,AF,2007,13,
Senegal,SEN,AF,2008,22,
Senegal,SEN,AF,2009,21,
Senegal,SEN,AF,2010,19,19
Senegal,SEN,AF,2015,17,17
Senegal,SEN,AF,2016,1,1
Serbia,SRB,EU,2005,33,183
Serbia,SRB,EU,2006,41,181
Serbia,SRB,EU,2007,41,186
Serbia,SRB,EU,2008,45,173
Serbia,SRB,EU,2009,51,160
Serbia,SRB,EU,2010,40,176
Serbia,SRB,EU,2011,39,194
Serbia,SRB,EU,2012,42,199
Serbia,SRB,EU,2013,43,355
Serbia,SRB,EU,2014,36,301
Serbia,SRB,EU,2015,34,255
Serbia,SRB,EU,2016,27,254
Serbia,SRB,EU,2017,26,
Sierra Leone,SLE,AF,2007,3,187
Sierra Leone,SLE,AF,2008,3,190
Singapore,SGP,AS,2003,23,355
Singapore,SGP,AS,2004,19,382
Singapore,SGP,AS,2005,24,471
Singapore,SGP,AS,2006,21,413
Singapore,SGP,AS,2007,21,382
Singapore,SGP,AS,2008,19,379
Singapore,SGP,AS,2009,14,383
Singapore,SGP,AS,2010,10,360
Singapore,SGP,AS,2011,8,332
Singapore,SGP,AS,2012,6,330
Singapore,SGP,AS,2013,5,298
Singapore,SGP,AS,2014,4,288
Singapore,SGP,AS,2015,2,266
Singapore,SGP,AS,2016,2,243
Singapore,SGP,AS,2017,1,
Slovakia,SVK,EU,2003,36,538
Slovakia,SVK,EU,2004,40,702
Slovakia,SVK,EU,2005,36,351
Slovakia,SVK,EU,2006,30,607
Slovakia,SVK,EU,2007,27,601
Slovakia,SVK,EU,2008,25,549
Slovakia,SVK,EU,2009,25,514
Slovakia,SVK,EU,2010,22,453
Slovakia,SVK,EU,2011,16,416
Slovakia,SVK,EU,2012,18,385
Slovakia,SVK,EU,2013,15,382
Slovakia,SVK,EU,2014,13,342
Slovakia,SVK,EU,2015,10,444
Slovakia,SVK,EU,2016,10,292
Slovakia,SVK,EU,2017,9,
Slovenia,SVN,EU,2003,18,1291
Slovenia,SVN,EU,2004,20,1455
Slovenia,SVN,EU,2005,22,1477
Slovenia,SVN,EU,2006,26,1631
Slovenia,SVN,EU,2007,22,1455
Slovenia,SVN,EU,2008,19,1388
Slovenia,SVN,EU,2009,24,1370
Slovenia,SVN,EU,2010,23,1409
Slovenia,SVN,EU,2011,20,1490
Slovenia,SVN,EU,2012,19,1644
Slovenia,SVN,EU,2013,18,1692
Slovenia,SVN,EU,2014,14,1457
Slovenia,SVN,EU,2015,11,1103
Slovenia,SVN,EU,2016,11,1030
Slovenia,SVN,EU,2017,11,
Solomon Islands,SLB,OC,2004,26,175
Solomon Islands,SLB,OC,2005,5,219
Solomon Islands,SLB,OC,2006,6,174
Solomon Islands,SLB,OC,2007,13,177
Solomon Islands,SLB,OC,2008,10,174
South Africa,ZAF,AF,2017,332,
South Korea,KOR,AS,2003,16,398
South Korea,KOR,AS,2004,12,328
South Korea,KOR,AS,2005,11,397
South Korea,KOR,AS,2006,10,402
South Korea,KOR,AS,2007,9,441
South Korea,KOR,AS,2008,10,460
South Korea,KOR,AS,2009,13,525
South Korea,KOR,AS,2010,9,549
South Korea,KOR,AS,2011,8,570
South Korea,KOR,AS,2012,5,585
South Korea,KOR,AS,2013,4,579
South Korea,KOR,AS,2014,3,532
South Korea,KOR,AS,2016,2,400
South Korea,KOR,AS,2017,2,
Spain,ESP,EU,2007,,305
Spain,ESP,EU,2008,156,317
Spain,ESP,EU,2009,141,302
Spain,ESP,EU,2010,181,310
Spain,ESP,EU,2011,188,332
Spain,ESP,EU,2012,207,354
Spain,ESP,EU,2013,185,352
Spain,ESP,EU,2014,153,336
Spain,ESP,EU,2015,140,446
Spain,ESP,EU,2016,152,351
Spain,ESP,EU,2017,143,
Sri Lanka,LKA,AS,2003,34,122
Sri Lanka,LKA,AS,2004,41,136
Sri Lanka,LKA,AS,2008,34,66
Sri Lanka,LKA,AS,2009,30,59
Sri Lanka,LKA,AS,2010,32,63
Sri Lanka,LKA,AS,2011,31,58
Sri Lanka,LKA,AS,2012,32,57
Sri Lanka,LKA,AS,2013,23,56
Sri Lanka,LKA,AS,2016,17,30
Sudan,SDN,AF,2008,9,221
Suriname,SUR,SA,2003,,2998
Suriname,SUR,SA,2004,,2779
Swaziland,SWZ,AF,2003,250,1979
Swaziland,SWZ,AF,2004,310,1905
Sweden,SWE,EU,2003,96,4351
Sweden,SWE,EU,2004,96,4283
Sweden,SWE,EU,2005,104,4926
Sweden,SWE,EU,2006,95,4572
Sweden,SWE,EU,2007,95,4466
Sweden,SWE,EU,2008,97,4246
Sweden,SWE,EU,2009,103,4144
Sweden,SWE,EU,2010,98,3922
Sweden,SWE,EU,2011,103,4022
Sweden,SWE,EU,2012,97,3977
Sweden,SWE,EU,2013,87,3980
Sweden,SWE,EU,2014,86,3972
Sweden,SWE,EU,2015,87,3815
Sweden,SWE,EU,2016,87,3817
Sweden,SWE,EU,2017,86,
Switzerland,CHE,EU,2003,60,2099
Switzerland,CHE,EU,2004,40,2257
Switzerland,CHE,EU,2005,54,1922
Switzerland,CHE,EU,2006,55,1765
Switzerland,CHE,EU,2007,59,1598
Switzerland,CHE,EU,2008,55,1580
Switzerland,CHE,EU,2009,65,1616
Switzerland,CHE,EU,2010,56,1527
Switzerland,CHE,EU,2011,66,1841
Switzerland,CHE,EU,2012,76,2010
Switzerland,CHE,EU,2013,67,1811
Switzerland,CHE,EU,2014,49,1975
Switzerland,CHE,EU,2015,40,1760
Switzerland,CHE,EU,2016,22,1712
Switzerland,CHE,EU,2017,21,
Syria,SYR,AS,2003,3,71
Syria,SYR,AS,2004,3,65
Syria,SYR,AS,2005,4,
Syria,SYR,AS,2006,5,
Syria,SYR,AS,2007,4,25
Syria,SYR,AS,2008,4,32
Tajikistan,TJK,AS,2004,,50
Tajikistan,TJK,AS,2005,,52
Tajikistan,TJK,AS,2006,4,45
Tajikistan,TJK,AS,2007,4,53
Tajikistan,TJK,AS,2008,3,45
Tajikistan,TJK,AS,2009,3,47
Tajikistan,TJK,AS,2010,3,47
Tajikistan,TJK,AS,2011,4,47
Tanzania,TZA,AF,2014,,2
Thailand,THA,AS,2005,,92
Thailand,THA,AS,2006,,96
Thailand,THA,AS,2007,1,93
Thailand,THA,AS,2008,1,87
Thailand,THA,AS,2009,1,76
Thailand,THA,AS,2010,3,82
Thailand,THA,AS,2011,2,67
Thailand,THA,AS,2012,2,67
Thailand,THA,AS,2013,3,65
Thailand,THA,AS,2014,2,59
Thailand,THA,AS,2015,2,58
Thailand,THA,AS,2016,2,48
Trinidad and Tobago,TTO,NA,2004,301,150
Trinidad and Tobago,TTO,NA,2005,375,212
Trinidad and Tobago,TTO,NA,2006,432,235
Trinidad and Tobago,TTO,NA,2007,379,273
Trinidad and Tobago,TTO,NA,2008,383,335
Trinidad and Tobago,TTO,NA,2009,462,302
Trinidad and Tobago,TTO,NA,2010,386,308
Trinidad and Tobago,TTO,NA,2011,279,234
Trinidad and Tobago,TTO,NA,2012,331,268
Trinidad and Tobago,TTO,NA,2013,219,193
Trinidad and Tobago,TTO,NA,2014,197,175
Trinidad and Tobago,TTO,NA,2015,182,137
Turkey,TUR,EU,2003,25,101
Turkey,TUR,EU,2004,15,101
Turkey,TUR,EU,2005,21,153
Turkey,TUR,EU,2006,30,250
Turkey,TUR,EU,2007,18,215
Turkey,TUR,EU,2008,13,166
Turkey,TUR,EU,2009,12,203
Turkey,TUR,EU,2010,12,248
Turkey,TUR,EU,2011,13,248
Turkey,TUR,EU,2012,14,279
Turkey,TUR,EU,2016,34,214
Turkmenistan,TKM,AS,2003,5,
Turkmenistan,TKM,AS,2004,4,
Turkmenistan,TKM,AS,2005,3,35
Turkmenistan,TKM,AS,2006,3,30
Uganda,UGA,AF,2003,15,90
Uganda,UGA,AF,2004,18,132
Uganda,UGA,AF,2005,26,196
Uganda,UGA,AF,2006,28,240
Uganda,UGA,AF,2007,19,157
Uganda,UGA,AF,2008,14,106
Uganda,UGA,AF,2009,23,86
Uganda,UGA,AF,2010,18,71
Uganda,UGA,AF,2011,12,63
Uganda,UGA,AF,2012,12,58
Uganda,UGA,AF,2013,10,50
Uganda,UGA,AF,2014,10,45
Uganda,UGA,AF,2017,17,
Ukraine,UKR,EU,2003,77,558
Ukraine,UKR,EU,2004,87,496
Ukraine,UKR,EU,2005,101,399
Ukraine,UKR,EU,2006,90,284
Ukraine,UKR,EU,2007,70,248
Ukraine,UKR,EU,2008,80,241
Ukraine,UKR,EU,2009,60,384
Ukraine,UKR,EU,2010,51,558
Ukraine,UKR,EU,2017,47,
United Arab Emirates,ARE,AS,2003,11,298
United Arab Emirates,ARE,AS,2004,11,278
United Arab Emirates,ARE,AS,2005,10,
United Arab Emirates,ARE,AS,2006,11,
United Arab Emirates,ARE,AS,2012,1,167
United Arab Emirates,ARE,AS,2013,8,26
United Arab Emirates,ARE,AS,2014,8,72
United Arab Emirates,ARE,AS,2015,9,68
United Arab Emirates,ARE,AS,2016,11,52
United Arab Emirates,ARE,AS,2017,16,
United Kingdom,GBR,EU,2003,136,3022
United Kingdom,GBR,EU,2004,111,2668
United Kingdom,GBR,EU,2005,117,2529
United Kingdom,GBR,EU,2006,117,2358
United Kingdom,GBR,EU,2007,96,2162
United Kingdom,GBR,EU,2008,89,2175
United Kingdom,GBR,EU,2009,86,2046
United Kingdom,GBR,EU,2010,87,2004
United Kingdom,GBR,EU,2011,82,2014
United Kingdom,GBR,EU,2012,69,1831
United Kingdom,GBR,EU,2013,61,1835
United Kingdom,GBR,EU,2014,55,1744
United Kingdom,GBR,EU,2016,90,2283
United Kingdom,GBR,EU,2017,120,
Uruguay,URY,SA,2003,292,2905
Uruguay,URY,SA,2004,278,3180
Uruguay,URY,SA,2005,292,
Uruguay,URY,SA,2006,266,3062
Uruguay,URY,SA,2007,275,3163
Uruguay,URY,SA,2008,320,3152
Uruguay,URY,SA,2009,339,2810
Uruguay,URY,SA,2010,410,2823
Uruguay,URY,SA,2011,443,2882
Uruguay,URY,SA,2012,454,2851
Uruguay,URY,SA,2013,491,2860
Uruguay,URY,SA,2014,543,2974
Uruguay,URY,SA,2015,566,3044
Uruguay,URY,SA,2016,546,3205
Uruguay,URY,SA,2017,522,
USA,USA,NA,2003,142,2415
USA,USA,NA,2004,137,2363
USA,USA,NA,2005,141,2291
USA,USA,NA,2006,150,2217
USA,USA,NA,2007,148,2185
USA,USA,NA,2008,146,2163
USA,USA,NA,2009,133,2063
USA,USA,NA,2010,119,2002
USA,USA,NA,2011,114,1969
USA,USA,NA,2012,113,1960
USA,USA,NA,2013,109,1898
USA,USA,NA,2014,102,1818
USA,USA,NA,2015,,1773
USA,USA,NA,2016,103,1750
USA,USA,NA,2017,98,
Yemen,YEM,AS,2006,1,
Yemen,YEM,AS,2007,1,
Yemen,YEM,AS,2008,2,
Yemen,YEM,AS,2009,2,
Zimbabwe,ZWE,AF,2003,110,1383
Zimbabwe,ZWE,AF,2004,98,1271
Zimbabwe,ZWE,AF,2005,86,851
Zimbabwe,ZWE,AF,2006,89,895
Zimbabwe,ZWE,AF,2007,70,751
Zimbabwe,ZWE,AF,2008,65,678
